<?xml version="1.0"?>
<link_info>
   <banner>TMS320C6x Linker PC v7.4.7</banner>
   <copyright>Copyright (c) 1996-2014 Texas Instruments Incorporated</copyright>
   <link_time>0x6507c790</link_time>
   <output_file>C6747_DSA.out</output_file>
   <entry_point>
      <name>_c_int00</name>
      <address>0x803300</address>
   </entry_point>
   <input_file_list>
      <input_file id="fl-2">
         <path>.\</path>
         <kind>object</kind>
         <file>vectors.obj</file>
         <name>vectors.obj</name>
      </input_file>
      <input_file id="fl-3">
         <path>.\</path>
         <kind>object</kind>
         <file>main.obj</file>
         <name>main.obj</name>
      </input_file>
      <input_file id="fl-4">
         <path>.\</path>
         <kind>object</kind>
         <file>C6747_uart.obj</file>
         <name>C6747_uart.obj</name>
      </input_file>
      <input_file id="fl-5">
         <path>.\</path>
         <kind>object</kind>
         <file>C6747_init.obj</file>
         <name>C6747_init.obj</name>
      </input_file>
      <input_file id="fl-6">
         <path>.\</path>
         <kind>object</kind>
         <file>C6747_i2c.obj</file>
         <name>C6747_i2c.obj</name>
      </input_file>
      <input_file id="fl-7">
         <path>.\</path>
         <kind>object</kind>
         <file>C6747.obj</file>
         <name>C6747.obj</name>
      </input_file>
      <input_file id="fl-c">
         <path>..\</path>
         <kind>archive</kind>
         <file>rts6740.lib</file>
         <name>boot.obj</name>
      </input_file>
      <input_file id="fl-d">
         <path>..\</path>
         <kind>archive</kind>
         <file>rts6740.lib</file>
         <name>divu.obj</name>
      </input_file>
      <input_file id="fl-e">
         <path>..\</path>
         <kind>archive</kind>
         <file>rts6740.lib</file>
         <name>exit.obj</name>
      </input_file>
      <input_file id="fl-f">
         <path>..\</path>
         <kind>archive</kind>
         <file>rts6740.lib</file>
         <name>divf.obj</name>
      </input_file>
      <input_file id="fl-10">
         <path>..\</path>
         <kind>archive</kind>
         <file>rts6740.lib</file>
         <name>frcmpyf_div.obj</name>
      </input_file>
      <input_file id="fl-11">
         <path>..\</path>
         <kind>archive</kind>
         <file>rts6740.lib</file>
         <name>_lock.obj</name>
      </input_file>
      <input_file id="fl-12">
         <path>..\</path>
         <kind>archive</kind>
         <file>rts6740.lib</file>
         <name>args_main.obj</name>
      </input_file>
      <input_file id="fl-13">
         <path>..\</path>
         <kind>archive</kind>
         <file>rts6740.lib</file>
         <name>autoinit.obj</name>
      </input_file>
      <input_file id="fl-14">
         <path>..\</path>
         <kind>archive</kind>
         <file>rts6740.lib</file>
         <name>memcpy64.obj</name>
      </input_file>
   </input_file_list>
   <object_component_list>
      <object_component id="oc-11">
         <name>.vectors</name>
         <load_address>0x800000</load_address>
         <run_address>0x800000</run_address>
         <size>0x200</size>
         <input_file_ref idref="fl-2"/>
      </object_component>
      <object_component id="oc-15">
         <name>.bss</name>
         <uninitialized>true</uninitialized>
         <run_address>0x804640</run_address>
         <size>0x1f</size>
         <input_file_ref idref="fl-3"/>
      </object_component>
      <object_component id="oc-27">
         <name>.bss</name>
         <uninitialized>true</uninitialized>
         <run_address>0x804660</run_address>
         <size>0x4</size>
         <input_file_ref idref="fl-6"/>
      </object_component>
      <object_component id="oc-17">
         <name>.cinit</name>
         <load_address>0x8044a0</load_address>
         <run_address>0x8044a0</run_address>
         <size>0x5d</size>
         <input_file_ref idref="fl-3"/>
      </object_component>
      <object_component id="oc-1e">
         <name>.cinit</name>
         <load_address>0x804500</load_address>
         <run_address>0x804500</run_address>
         <size>0x2c</size>
         <input_file_ref idref="fl-4"/>
      </object_component>
      <object_component id="oc-39">
         <name>.cinit</name>
         <load_address>0x804530</load_address>
         <run_address>0x804530</run_address>
         <size>0x2c</size>
         <input_file_ref idref="fl-e"/>
      </object_component>
      <object_component id="oc-46">
         <name>.cinit</name>
         <load_address>0x804560</load_address>
         <run_address>0x804560</run_address>
         <size>0x1c</size>
         <input_file_ref idref="fl-11"/>
      </object_component>
      <object_component id="oc-3e">
         <name>.cinit</name>
         <load_address>0x804580</load_address>
         <run_address>0x804580</run_address>
         <size>0x10</size>
         <input_file_ref idref="fl-f"/>
      </object_component>
      <object_component id="oc-29">
         <name>.cinit</name>
         <load_address>0x804590</load_address>
         <run_address>0x804590</run_address>
         <size>0xc</size>
         <input_file_ref idref="fl-6"/>
      </object_component>
      <object_component id="oc-32">
         <name>.stack</name>
         <uninitialized>true</uninitialized>
         <run_address>0x8034a0</run_address>
         <size>0x8</size>
         <input_file_ref idref="fl-c"/>
      </object_component>
      <object_component id="oc-78">
         <name>.stack</name>
         <uninitialized>true</uninitialized>
         <run_address>0x8034a0</run_address>
         <size>0x0</size>
      </object_component>
      <object_component id="oc-56">
         <name>.text</name>
         <load_address>0x800f00</load_address>
         <run_address>0x800f00</run_address>
         <size>0x9c0</size>
         <input_file_ref idref="fl-3"/>
      </object_component>
      <object_component id="oc-60">
         <name>.text</name>
         <load_address>0x8018c0</load_address>
         <run_address>0x8018c0</run_address>
         <size>0x740</size>
         <input_file_ref idref="fl-5"/>
      </object_component>
      <object_component id="oc-5c">
         <name>.text</name>
         <load_address>0x802000</load_address>
         <run_address>0x802000</run_address>
         <size>0x4a0</size>
         <input_file_ref idref="fl-6"/>
      </object_component>
      <object_component id="oc-5a">
         <name>.text:__divf</name>
         <load_address>0x8024a0</load_address>
         <run_address>0x8024a0</run_address>
         <size>0x4a0</size>
         <input_file_ref idref="fl-f"/>
      </object_component>
      <object_component id="oc-5d">
         <name>.text</name>
         <load_address>0x802940</load_address>
         <run_address>0x802940</run_address>
         <size>0x3c0</size>
         <input_file_ref idref="fl-4"/>
      </object_component>
      <object_component id="oc-19">
         <name>.text:retain</name>
         <load_address>0x802d00</load_address>
         <run_address>0x802d00</run_address>
         <size>0x240</size>
         <input_file_ref idref="fl-3"/>
      </object_component>
      <object_component id="oc-53">
         <name>.text:__auto_init</name>
         <load_address>0x802f40</load_address>
         <run_address>0x802f40</run_address>
         <size>0xe0</size>
         <input_file_ref idref="fl-13"/>
      </object_component>
      <object_component id="oc-55">
         <name>.text:_exit</name>
         <load_address>0x803020</load_address>
         <run_address>0x803020</run_address>
         <size>0xe0</size>
         <input_file_ref idref="fl-e"/>
      </object_component>
      <object_component id="oc-61">
         <name>.text:__divu</name>
         <load_address>0x803100</load_address>
         <run_address>0x803100</run_address>
         <size>0xc0</size>
         <input_file_ref idref="fl-d"/>
      </object_component>
      <object_component id="oc-5f">
         <name>.text:__frcmpyf_div</name>
         <load_address>0x8031c0</load_address>
         <run_address>0x8031c0</run_address>
         <size>0xa0</size>
         <input_file_ref idref="fl-10"/>
      </object_component>
      <object_component id="oc-58">
         <name>.text:_memcpy</name>
         <load_address>0x803260</load_address>
         <run_address>0x803260</run_address>
         <size>0xa0</size>
         <input_file_ref idref="fl-14"/>
      </object_component>
      <object_component id="oc-f">
         <name>.text:_c_int00</name>
         <load_address>0x803300</load_address>
         <run_address>0x803300</run_address>
         <size>0x80</size>
         <input_file_ref idref="fl-c"/>
      </object_component>
      <object_component id="oc-5b">
         <name>.text</name>
         <load_address>0x803380</load_address>
         <run_address>0x803380</run_address>
         <size>0x40</size>
         <input_file_ref idref="fl-7"/>
      </object_component>
      <object_component id="oc-5e">
         <name>.text:___isnanf</name>
         <load_address>0x8033c0</load_address>
         <run_address>0x8033c0</run_address>
         <size>0x40</size>
         <input_file_ref idref="fl-f"/>
      </object_component>
      <object_component id="oc-54">
         <name>.text:__args_main</name>
         <load_address>0x803400</load_address>
         <run_address>0x803400</run_address>
         <size>0x40</size>
         <input_file_ref idref="fl-12"/>
      </object_component>
      <object_component id="oc-57">
         <name>.text:__nop</name>
         <load_address>0x803440</load_address>
         <run_address>0x803440</run_address>
         <size>0x20</size>
         <input_file_ref idref="fl-11"/>
      </object_component>
      <object_component id="oc-59">
         <name>.text:_abort</name>
         <load_address>0x803460</load_address>
         <run_address>0x803460</run_address>
         <size>0x20</size>
         <input_file_ref idref="fl-e"/>
      </object_component>
      <object_component id="oc-10">
         <name>.text</name>
         <load_address>0x803480</load_address>
         <run_address>0x803480</run_address>
         <size>0x20</size>
         <input_file_ref idref="fl-2"/>
      </object_component>
      <object_component id="oc-18">
         <name>.far</name>
         <uninitialized>true</uninitialized>
         <run_address>0x8045a8</run_address>
         <size>0x6d</size>
         <input_file_ref idref="fl-3"/>
      </object_component>
      <object_component id="oc-1f">
         <name>.far</name>
         <uninitialized>true</uninitialized>
         <run_address>0x804618</run_address>
         <size>0xc</size>
         <input_file_ref idref="fl-4"/>
      </object_component>
      <object_component id="oc-3a">
         <name>.far</name>
         <uninitialized>true</uninitialized>
         <run_address>0x804624</run_address>
         <size>0xc</size>
         <input_file_ref idref="fl-e"/>
      </object_component>
      <object_component id="oc-3f">
         <name>.far</name>
         <uninitialized>true</uninitialized>
         <run_address>0x804638</run_address>
         <size>0x8</size>
         <input_file_ref idref="fl-f"/>
      </object_component>
      <object_component id="oc-47">
         <name>.far</name>
         <uninitialized>true</uninitialized>
         <run_address>0x804630</run_address>
         <size>0x8</size>
         <input_file_ref idref="fl-11"/>
      </object_component>
      <object_component id="oc-12">
         <name>.debug_info</name>
         <load_address>0x0</load_address>
         <run_address>0x0</run_address>
         <size>0x100</size>
         <input_file_ref idref="fl-2"/>
      </object_component>
      <object_component id="oc-16">
         <name>.debug_info</name>
         <load_address>0x100</load_address>
         <run_address>0x100</run_address>
         <size>0x106d</size>
         <input_file_ref idref="fl-3"/>
      </object_component>
      <object_component id="oc-1d">
         <name>.debug_info</name>
         <load_address>0x116d</load_address>
         <run_address>0x116d</run_address>
         <size>0xff1</size>
         <input_file_ref idref="fl-4"/>
      </object_component>
      <object_component id="oc-23">
         <name>.debug_info</name>
         <load_address>0x215e</load_address>
         <run_address>0x215e</run_address>
         <size>0x1138</size>
         <input_file_ref idref="fl-5"/>
      </object_component>
      <object_component id="oc-28">
         <name>.debug_info</name>
         <load_address>0x3296</load_address>
         <run_address>0x3296</run_address>
         <size>0x1050</size>
         <input_file_ref idref="fl-6"/>
      </object_component>
      <object_component id="oc-2d">
         <name>.debug_info</name>
         <load_address>0x42e6</load_address>
         <run_address>0x42e6</run_address>
         <size>0x64b</size>
         <input_file_ref idref="fl-7"/>
      </object_component>
      <object_component id="oc-31">
         <name>.debug_info</name>
         <load_address>0x4931</load_address>
         <run_address>0x4931</run_address>
         <size>0x6f5</size>
         <input_file_ref idref="fl-c"/>
      </object_component>
      <object_component id="oc-35">
         <name>.debug_info</name>
         <load_address>0x5026</load_address>
         <run_address>0x5026</run_address>
         <size>0xfa</size>
         <input_file_ref idref="fl-d"/>
      </object_component>
      <object_component id="oc-38">
         <name>.debug_info</name>
         <load_address>0x5120</load_address>
         <run_address>0x5120</run_address>
         <size>0x86b</size>
         <input_file_ref idref="fl-e"/>
      </object_component>
      <object_component id="oc-3d">
         <name>.debug_info</name>
         <load_address>0x598b</load_address>
         <run_address>0x598b</run_address>
         <size>0x82f</size>
         <input_file_ref idref="fl-f"/>
      </object_component>
      <object_component id="oc-42">
         <name>.debug_info</name>
         <load_address>0x61ba</load_address>
         <run_address>0x61ba</run_address>
         <size>0x5e8</size>
         <input_file_ref idref="fl-10"/>
      </object_component>
      <object_component id="oc-45">
         <name>.debug_info</name>
         <load_address>0x67a2</load_address>
         <run_address>0x67a2</run_address>
         <size>0x5be</size>
         <input_file_ref idref="fl-11"/>
      </object_component>
      <object_component id="oc-4a">
         <name>.debug_info</name>
         <load_address>0x6d60</load_address>
         <run_address>0x6d60</run_address>
         <size>0x688</size>
         <input_file_ref idref="fl-12"/>
      </object_component>
      <object_component id="oc-4d">
         <name>.debug_info</name>
         <load_address>0x73e8</load_address>
         <run_address>0x73e8</run_address>
         <size>0x7ae</size>
         <input_file_ref idref="fl-13"/>
      </object_component>
      <object_component id="oc-50">
         <name>.debug_info</name>
         <load_address>0x7b96</load_address>
         <run_address>0x7b96</run_address>
         <size>0x109</size>
         <input_file_ref idref="fl-14"/>
      </object_component>
      <object_component id="oc-79">
         <name>.debug_info</name>
         <load_address>0x7c9f</load_address>
         <run_address>0x7c9f</run_address>
         <size>0x6d</size>
      </object_component>
      <object_component id="oc-13">
         <name>.debug_line</name>
         <load_address>0x0</load_address>
         <run_address>0x0</run_address>
         <size>0xcd</size>
         <input_file_ref idref="fl-2"/>
      </object_component>
      <object_component id="oc-1b">
         <name>.debug_line</name>
         <load_address>0xcd</load_address>
         <run_address>0xcd</run_address>
         <size>0x29d</size>
         <input_file_ref idref="fl-3"/>
      </object_component>
      <object_component id="oc-21">
         <name>.debug_line</name>
         <load_address>0x36a</load_address>
         <run_address>0x36a</run_address>
         <size>0x1a0</size>
         <input_file_ref idref="fl-4"/>
      </object_component>
      <object_component id="oc-25">
         <name>.debug_line</name>
         <load_address>0x50a</load_address>
         <run_address>0x50a</run_address>
         <size>0x1d8</size>
         <input_file_ref idref="fl-5"/>
      </object_component>
      <object_component id="oc-2b">
         <name>.debug_line</name>
         <load_address>0x6e2</load_address>
         <run_address>0x6e2</run_address>
         <size>0x197</size>
         <input_file_ref idref="fl-6"/>
      </object_component>
      <object_component id="oc-2f">
         <name>.debug_line</name>
         <load_address>0x879</load_address>
         <run_address>0x879</run_address>
         <size>0x41</size>
         <input_file_ref idref="fl-7"/>
      </object_component>
      <object_component id="oc-33">
         <name>.debug_line</name>
         <load_address>0x8ba</load_address>
         <run_address>0x8ba</run_address>
         <size>0x3c</size>
         <input_file_ref idref="fl-c"/>
      </object_component>
      <object_component id="oc-36">
         <name>.debug_line</name>
         <load_address>0x8f6</load_address>
         <run_address>0x8f6</run_address>
         <size>0x44</size>
         <input_file_ref idref="fl-d"/>
      </object_component>
      <object_component id="oc-3b">
         <name>.debug_line</name>
         <load_address>0x93a</load_address>
         <run_address>0x93a</run_address>
         <size>0x4f</size>
         <input_file_ref idref="fl-e"/>
      </object_component>
      <object_component id="oc-40">
         <name>.debug_line</name>
         <load_address>0x989</load_address>
         <run_address>0x989</run_address>
         <size>0x89</size>
         <input_file_ref idref="fl-f"/>
      </object_component>
      <object_component id="oc-43">
         <name>.debug_line</name>
         <load_address>0xa12</load_address>
         <run_address>0xa12</run_address>
         <size>0x44</size>
         <input_file_ref idref="fl-10"/>
      </object_component>
      <object_component id="oc-48">
         <name>.debug_line</name>
         <load_address>0xa56</load_address>
         <run_address>0xa56</run_address>
         <size>0x3b</size>
         <input_file_ref idref="fl-11"/>
      </object_component>
      <object_component id="oc-4b">
         <name>.debug_line</name>
         <load_address>0xa91</load_address>
         <run_address>0xa91</run_address>
         <size>0x44</size>
         <input_file_ref idref="fl-12"/>
      </object_component>
      <object_component id="oc-4e">
         <name>.debug_line</name>
         <load_address>0xad5</load_address>
         <run_address>0xad5</run_address>
         <size>0x4b</size>
         <input_file_ref idref="fl-13"/>
      </object_component>
      <object_component id="oc-51">
         <name>.debug_line</name>
         <load_address>0xb20</load_address>
         <run_address>0xb20</run_address>
         <size>0x4a</size>
         <input_file_ref idref="fl-14"/>
      </object_component>
      <object_component id="oc-14">
         <name>.debug_abbrev</name>
         <load_address>0x0</load_address>
         <run_address>0x0</run_address>
         <size>0x20</size>
         <input_file_ref idref="fl-2"/>
      </object_component>
      <object_component id="oc-1c">
         <name>.debug_abbrev</name>
         <load_address>0x20</load_address>
         <run_address>0x20</run_address>
         <size>0x198</size>
         <input_file_ref idref="fl-3"/>
      </object_component>
      <object_component id="oc-22">
         <name>.debug_abbrev</name>
         <load_address>0x1b8</load_address>
         <run_address>0x1b8</run_address>
         <size>0x109</size>
         <input_file_ref idref="fl-4"/>
      </object_component>
      <object_component id="oc-26">
         <name>.debug_abbrev</name>
         <load_address>0x2c1</load_address>
         <run_address>0x2c1</run_address>
         <size>0xfa</size>
         <input_file_ref idref="fl-5"/>
      </object_component>
      <object_component id="oc-2c">
         <name>.debug_abbrev</name>
         <load_address>0x3bb</load_address>
         <run_address>0x3bb</run_address>
         <size>0xf0</size>
         <input_file_ref idref="fl-6"/>
      </object_component>
      <object_component id="oc-30">
         <name>.debug_abbrev</name>
         <load_address>0x4ab</load_address>
         <run_address>0x4ab</run_address>
         <size>0x87</size>
         <input_file_ref idref="fl-7"/>
      </object_component>
      <object_component id="oc-34">
         <name>.debug_abbrev</name>
         <load_address>0x532</load_address>
         <run_address>0x532</run_address>
         <size>0xe6</size>
         <input_file_ref idref="fl-c"/>
      </object_component>
      <object_component id="oc-37">
         <name>.debug_abbrev</name>
         <load_address>0x618</load_address>
         <run_address>0x618</run_address>
         <size>0x3a</size>
         <input_file_ref idref="fl-d"/>
      </object_component>
      <object_component id="oc-3c">
         <name>.debug_abbrev</name>
         <load_address>0x652</load_address>
         <run_address>0x652</run_address>
         <size>0xf0</size>
         <input_file_ref idref="fl-e"/>
      </object_component>
      <object_component id="oc-41">
         <name>.debug_abbrev</name>
         <load_address>0x742</load_address>
         <run_address>0x742</run_address>
         <size>0x10d</size>
         <input_file_ref idref="fl-f"/>
      </object_component>
      <object_component id="oc-44">
         <name>.debug_abbrev</name>
         <load_address>0x84f</load_address>
         <run_address>0x84f</run_address>
         <size>0x7a</size>
         <input_file_ref idref="fl-10"/>
      </object_component>
      <object_component id="oc-49">
         <name>.debug_abbrev</name>
         <load_address>0x8c9</load_address>
         <run_address>0x8c9</run_address>
         <size>0x82</size>
         <input_file_ref idref="fl-11"/>
      </object_component>
      <object_component id="oc-4c">
         <name>.debug_abbrev</name>
         <load_address>0x94b</load_address>
         <run_address>0x94b</run_address>
         <size>0xd1</size>
         <input_file_ref idref="fl-12"/>
      </object_component>
      <object_component id="oc-4f">
         <name>.debug_abbrev</name>
         <load_address>0xa1c</load_address>
         <run_address>0xa1c</run_address>
         <size>0x10a</size>
         <input_file_ref idref="fl-13"/>
      </object_component>
      <object_component id="oc-52">
         <name>.debug_abbrev</name>
         <load_address>0xb26</load_address>
         <run_address>0xb26</run_address>
         <size>0x3a</size>
         <input_file_ref idref="fl-14"/>
      </object_component>
      <object_component id="oc-7a">
         <name>.debug_abbrev</name>
         <load_address>0xb60</load_address>
         <run_address>0xb60</run_address>
         <size>0xd</size>
      </object_component>
      <object_component id="oc-1a">
         <name>.debug_frame</name>
         <load_address>0x0</load_address>
         <run_address>0x0</run_address>
         <size>0x469</size>
         <input_file_ref idref="fl-3"/>
      </object_component>
      <object_component id="oc-20">
         <name>.debug_frame</name>
         <load_address>0x469</load_address>
         <run_address>0x469</run_address>
         <size>0x335</size>
         <input_file_ref idref="fl-4"/>
      </object_component>
      <object_component id="oc-24">
         <name>.debug_frame</name>
         <load_address>0x79e</load_address>
         <run_address>0x79e</run_address>
         <size>0x314</size>
         <input_file_ref idref="fl-5"/>
      </object_component>
      <object_component id="oc-2a">
         <name>.debug_frame</name>
         <load_address>0xab2</load_address>
         <run_address>0xab2</run_address>
         <size>0x31a</size>
         <input_file_ref idref="fl-6"/>
      </object_component>
      <object_component id="oc-2e">
         <name>.debug_frame</name>
         <load_address>0xdcc</load_address>
         <run_address>0xdcc</run_address>
         <size>0x25d</size>
         <input_file_ref idref="fl-7"/>
      </object_component>
   </object_component_list>
   <logical_group_list>
      <logical_group id="lg-2">
         <name>.vectors</name>
         <load_address>0x800000</load_address>
         <run_address>0x800000</run_address>
         <size>0x200</size>
         <contents>
            <object_component_ref idref="oc-11"/>
         </contents>
      </logical_group>
      <logical_group id="lg-3">
         <name>.data</name>
         <run_address>0x800f00</run_address>
         <size>0x0</size>
         <contents>
         </contents>
      </logical_group>
      <logical_group id="lg-4">
         <name>.bss</name>
         <run_address>0x804640</run_address>
         <size>0x24</size>
         <contents>
            <object_component_ref idref="oc-15"/>
            <object_component_ref idref="oc-27"/>
         </contents>
      </logical_group>
      <logical_group id="lg-5">
         <name>.cinit</name>
         <load_address>0x8044a0</load_address>
         <run_address>0x8044a0</run_address>
         <size>0x104</size>
         <contents>
            <object_component_ref idref="oc-17"/>
            <object_component_ref idref="oc-1e"/>
            <object_component_ref idref="oc-39"/>
            <object_component_ref idref="oc-46"/>
            <object_component_ref idref="oc-3e"/>
            <object_component_ref idref="oc-29"/>
         </contents>
      </logical_group>
      <logical_group id="lg-6">
         <name>.cio</name>
         <run_address>0x0</run_address>
         <size>0x0</size>
         <contents>
         </contents>
      </logical_group>
      <logical_group id="lg-7">
         <name>.const</name>
         <run_address>0x0</run_address>
         <size>0x0</size>
         <contents>
         </contents>
      </logical_group>
      <logical_group id="lg-8">
         <name>.stack</name>
         <run_address>0x8034a0</run_address>
         <size>0x1000</size>
         <contents>
            <object_component_ref idref="oc-32"/>
            <object_component_ref idref="oc-78"/>
         </contents>
      </logical_group>
      <logical_group id="lg-9">
         <name>.sysmem</name>
         <run_address>0x0</run_address>
         <size>0x0</size>
         <contents>
         </contents>
      </logical_group>
      <logical_group id="lg-a">
         <name>.text</name>
         <load_address>0x800f00</load_address>
         <run_address>0x800f00</run_address>
         <size>0x25a0</size>
         <contents>
            <object_component_ref idref="oc-56"/>
            <object_component_ref idref="oc-60"/>
            <object_component_ref idref="oc-5c"/>
            <object_component_ref idref="oc-5a"/>
            <object_component_ref idref="oc-5d"/>
            <object_component_ref idref="oc-19"/>
            <object_component_ref idref="oc-53"/>
            <object_component_ref idref="oc-55"/>
            <object_component_ref idref="oc-61"/>
            <object_component_ref idref="oc-5f"/>
            <object_component_ref idref="oc-58"/>
            <object_component_ref idref="oc-f"/>
            <object_component_ref idref="oc-5b"/>
            <object_component_ref idref="oc-5e"/>
            <object_component_ref idref="oc-54"/>
            <object_component_ref idref="oc-57"/>
            <object_component_ref idref="oc-59"/>
            <object_component_ref idref="oc-10"/>
         </contents>
      </logical_group>
      <logical_group id="lg-b">
         <name>.switch</name>
         <run_address>0x0</run_address>
         <size>0x0</size>
         <contents>
         </contents>
      </logical_group>
      <logical_group id="lg-c">
         <name>.far</name>
         <run_address>0x8045a8</run_address>
         <size>0x98</size>
         <contents>
            <object_component_ref idref="oc-18"/>
            <object_component_ref idref="oc-1f"/>
            <object_component_ref idref="oc-3a"/>
            <object_component_ref idref="oc-3f"/>
            <object_component_ref idref="oc-47"/>
         </contents>
      </logical_group>
      <logical_group id="lg-d">
         <name>.calcbuffer</name>
         <run_address>0x0</run_address>
         <size>0x0</size>
         <contents>
         </contents>
      </logical_group>
      <logical_group id="lg-e">
         <name>.compxbuf</name>
         <run_address>0x0</run_address>
         <size>0x0</size>
         <contents>
         </contents>
      </logical_group>
      <logical_group id="lg-6f">
         <name>.debug_info</name>
         <load_address>0x0</load_address>
         <run_address>0x0</run_address>
         <size>0x7d0c</size>
         <contents>
            <object_component_ref idref="oc-12"/>
            <object_component_ref idref="oc-16"/>
            <object_component_ref idref="oc-1d"/>
            <object_component_ref idref="oc-23"/>
            <object_component_ref idref="oc-28"/>
            <object_component_ref idref="oc-2d"/>
            <object_component_ref idref="oc-31"/>
            <object_component_ref idref="oc-35"/>
            <object_component_ref idref="oc-38"/>
            <object_component_ref idref="oc-3d"/>
            <object_component_ref idref="oc-42"/>
            <object_component_ref idref="oc-45"/>
            <object_component_ref idref="oc-4a"/>
            <object_component_ref idref="oc-4d"/>
            <object_component_ref idref="oc-50"/>
            <object_component_ref idref="oc-79"/>
         </contents>
      </logical_group>
      <logical_group id="lg-71">
         <name>.debug_line</name>
         <load_address>0x0</load_address>
         <run_address>0x0</run_address>
         <size>0xb6a</size>
         <contents>
            <object_component_ref idref="oc-13"/>
            <object_component_ref idref="oc-1b"/>
            <object_component_ref idref="oc-21"/>
            <object_component_ref idref="oc-25"/>
            <object_component_ref idref="oc-2b"/>
            <object_component_ref idref="oc-2f"/>
            <object_component_ref idref="oc-33"/>
            <object_component_ref idref="oc-36"/>
            <object_component_ref idref="oc-3b"/>
            <object_component_ref idref="oc-40"/>
            <object_component_ref idref="oc-43"/>
            <object_component_ref idref="oc-48"/>
            <object_component_ref idref="oc-4b"/>
            <object_component_ref idref="oc-4e"/>
            <object_component_ref idref="oc-51"/>
         </contents>
      </logical_group>
      <logical_group id="lg-73">
         <name>.debug_abbrev</name>
         <load_address>0x0</load_address>
         <run_address>0x0</run_address>
         <size>0xb6d</size>
         <contents>
            <object_component_ref idref="oc-14"/>
            <object_component_ref idref="oc-1c"/>
            <object_component_ref idref="oc-22"/>
            <object_component_ref idref="oc-26"/>
            <object_component_ref idref="oc-2c"/>
            <object_component_ref idref="oc-30"/>
            <object_component_ref idref="oc-34"/>
            <object_component_ref idref="oc-37"/>
            <object_component_ref idref="oc-3c"/>
            <object_component_ref idref="oc-41"/>
            <object_component_ref idref="oc-44"/>
            <object_component_ref idref="oc-49"/>
            <object_component_ref idref="oc-4c"/>
            <object_component_ref idref="oc-4f"/>
            <object_component_ref idref="oc-52"/>
            <object_component_ref idref="oc-7a"/>
         </contents>
      </logical_group>
      <logical_group id="lg-75">
         <name>.debug_frame</name>
         <load_address>0x0</load_address>
         <run_address>0x0</run_address>
         <size>0x1029</size>
         <contents>
            <object_component_ref idref="oc-1a"/>
            <object_component_ref idref="oc-20"/>
            <object_component_ref idref="oc-24"/>
            <object_component_ref idref="oc-2a"/>
            <object_component_ref idref="oc-2e"/>
         </contents>
      </logical_group>
   </logical_group_list>
   <placement_map>
      <memory_area>
         <name>DSPL2ROM</name>
         <page_id>0x0</page_id>
         <origin>0x700000</origin>
         <length>0xfffff</length>
         <used_space>0x0</used_space>
         <unused_space>0xfffff</unused_space>
         <attributes>RWIX</attributes>
         <usage_details>
         </usage_details>
      </memory_area>
      <memory_area>
         <name>VECS</name>
         <page_id>0x0</page_id>
         <origin>0x800000</origin>
         <length>0x800</length>
         <used_space>0x200</used_space>
         <unused_space>0x600</unused_space>
         <attributes>RWIX</attributes>
         <usage_details>
            <allocated_space>
               <start_address>0x800000</start_address>
               <size>0x200</size>
               <logical_group_ref idref="lg-2"/>
            </allocated_space>
            <available_space>
               <start_address>0x800200</start_address>
               <size>0x600</size>
            </available_space>
         </usage_details>
      </memory_area>
      <memory_area>
         <name>DSPL2RAM</name>
         <page_id>0x0</page_id>
         <origin>0x800f00</origin>
         <length>0x3f000</length>
         <used_space>0x3760</used_space>
         <unused_space>0x3b8a0</unused_space>
         <attributes>RWIX</attributes>
         <usage_details>
            <allocated_space>
               <start_address>0x800f00</start_address>
               <size>0x0</size>
               <logical_group_ref idref="lg-3"/>
            </allocated_space>
            <allocated_space>
               <start_address>0x800f00</start_address>
               <size>0x25a0</size>
               <logical_group_ref idref="lg-a"/>
            </allocated_space>
            <allocated_space>
               <start_address>0x8034a0</start_address>
               <size>0x1000</size>
               <logical_group_ref idref="lg-8"/>
            </allocated_space>
            <allocated_space>
               <start_address>0x8044a0</start_address>
               <size>0x104</size>
               <logical_group_ref idref="lg-5"/>
            </allocated_space>
            <available_space>
               <start_address>0x8045a4</start_address>
               <size>0x4</size>
            </available_space>
            <allocated_space>
               <start_address>0x8045a8</start_address>
               <size>0x98</size>
               <logical_group_ref idref="lg-c"/>
            </allocated_space>
            <allocated_space>
               <start_address>0x804640</start_address>
               <size>0x24</size>
               <logical_group_ref idref="lg-4"/>
            </allocated_space>
            <available_space>
               <start_address>0x804664</start_address>
               <size>0x3b89c</size>
            </available_space>
         </usage_details>
      </memory_area>
      <memory_area>
         <name>DSPL1PRAM</name>
         <page_id>0x0</page_id>
         <origin>0xe00000</origin>
         <length>0x8000</length>
         <used_space>0x0</used_space>
         <unused_space>0x8000</unused_space>
         <attributes>RWIX</attributes>
         <usage_details>
         </usage_details>
      </memory_area>
      <memory_area>
         <name>DSPL1DRAM</name>
         <page_id>0x0</page_id>
         <origin>0xf00000</origin>
         <length>0x8000</length>
         <used_space>0x0</used_space>
         <unused_space>0x8000</unused_space>
         <attributes>RWIX</attributes>
         <usage_details>
         </usage_details>
      </memory_area>
      <memory_area>
         <name>SHAREDRAM</name>
         <page_id>0x0</page_id>
         <origin>0x80000f00</origin>
         <length>0x1ffff</length>
         <used_space>0x0</used_space>
         <unused_space>0x1ffff</unused_space>
         <attributes>RWIX</attributes>
         <usage_details>
         </usage_details>
      </memory_area>
      <memory_area>
         <name>ARMRAM</name>
         <page_id>0x0</page_id>
         <origin>0xffff0080</origin>
         <length>0x1f80</length>
         <used_space>0x0</used_space>
         <unused_space>0x1f80</unused_space>
         <attributes>RWIX</attributes>
         <usage_details>
         </usage_details>
      </memory_area>
   </placement_map>
   <symbol_table>
      <symbol id="sm-0">
         <name>cinit</name>
         <value>0x8044a0</value>
      </symbol>
      <symbol id="sm-1">
         <name>___cinit__</name>
         <value>0x8044a0</value>
      </symbol>
      <symbol id="sm-2">
         <name>pinit</name>
         <value>0xffffffff</value>
      </symbol>
      <symbol id="sm-3">
         <name>___pinit__</name>
         <value>0xffffffff</value>
      </symbol>
      <symbol id="sm-4">
         <name>binit</name>
         <value>0xffffffff</value>
      </symbol>
      <symbol id="sm-5">
         <name>___binit__</name>
         <value>0xffffffff</value>
      </symbol>
      <symbol id="sm-6">
         <name>__STACK_SIZE</name>
         <value>0x1000</value>
      </symbol>
      <symbol id="sm-7">
         <name>__STACK_END</name>
         <value>0x8044a0</value>
      </symbol>
      <symbol id="sm-8">
         <name>___c_args__</name>
         <value>0xffffffff</value>
      </symbol>
      <symbol id="sm-9">
         <name>.text</name>
         <value>0x800f00</value>
      </symbol>
      <symbol id="sm-a">
         <name>___text__</name>
         <value>0x800f00</value>
      </symbol>
      <symbol id="sm-b">
         <name>etext</name>
         <value>0x8034a0</value>
      </symbol>
      <symbol id="sm-c">
         <name>___etext__</name>
         <value>0x8034a0</value>
      </symbol>
      <symbol id="sm-d">
         <name>.data</name>
         <value>0x800f00</value>
      </symbol>
      <symbol id="sm-e">
         <name>___data__</name>
         <value>0x800f00</value>
      </symbol>
      <symbol id="sm-f">
         <name>edata</name>
         <value>0x800f00</value>
      </symbol>
      <symbol id="sm-10">
         <name>___edata__</name>
         <value>0x800f00</value>
      </symbol>
      <symbol id="sm-11">
         <name>.bss</name>
         <value>0x804640</value>
      </symbol>
      <symbol id="sm-12">
         <name>___bss__</name>
         <value>0x804640</value>
      </symbol>
      <symbol id="sm-13">
         <name>end</name>
         <value>0x804664</value>
      </symbol>
      <symbol id="sm-14">
         <name>___end__</name>
         <value>0x804664</value>
      </symbol>
      <symbol id="sm-15">
         <name>___TI_pprof_out_hndl</name>
         <value>0xffffffff</value>
      </symbol>
      <symbol id="sm-16">
         <name>___TI_prof_data_start</name>
         <value>0xffffffff</value>
      </symbol>
      <symbol id="sm-17">
         <name>___TI_prof_data_size</name>
         <value>0xffffffff</value>
      </symbol>
      <symbol id="sm-18">
         <name>$bss</name>
         <value>0x804640</value>
      </symbol>
      <symbol id="sm-47">
         <name>_vector10</name>
         <value>0x800140</value>
         <object_component_ref idref="oc-11"/>
      </symbol>
      <symbol id="sm-48">
         <name>_vector11</name>
         <value>0x800160</value>
         <object_component_ref idref="oc-11"/>
      </symbol>
      <symbol id="sm-49">
         <name>_vector12</name>
         <value>0x800180</value>
         <object_component_ref idref="oc-11"/>
      </symbol>
      <symbol id="sm-4a">
         <name>_vector13</name>
         <value>0x8001a0</value>
         <object_component_ref idref="oc-11"/>
      </symbol>
      <symbol id="sm-4b">
         <name>_vector14</name>
         <value>0x8001c0</value>
         <object_component_ref idref="oc-11"/>
      </symbol>
      <symbol id="sm-4c">
         <name>_vector15</name>
         <value>0x8001e0</value>
         <object_component_ref idref="oc-11"/>
      </symbol>
      <symbol id="sm-4d">
         <name>_vectors</name>
         <value>0x800000</value>
         <object_component_ref idref="oc-11"/>
      </symbol>
      <symbol id="sm-4e">
         <name>_vector1</name>
         <value>0x800020</value>
         <object_component_ref idref="oc-11"/>
      </symbol>
      <symbol id="sm-4f">
         <name>_vector3</name>
         <value>0x800060</value>
         <object_component_ref idref="oc-11"/>
      </symbol>
      <symbol id="sm-50">
         <name>_vector2</name>
         <value>0x800040</value>
         <object_component_ref idref="oc-11"/>
      </symbol>
      <symbol id="sm-51">
         <name>_vector4</name>
         <value>0x800080</value>
         <object_component_ref idref="oc-11"/>
      </symbol>
      <symbol id="sm-52">
         <name>_vector7</name>
         <value>0x8000e0</value>
         <object_component_ref idref="oc-11"/>
      </symbol>
      <symbol id="sm-53">
         <name>_vector6</name>
         <value>0x8000c0</value>
         <object_component_ref idref="oc-11"/>
      </symbol>
      <symbol id="sm-54">
         <name>_vector9</name>
         <value>0x800120</value>
         <object_component_ref idref="oc-11"/>
      </symbol>
      <symbol id="sm-55">
         <name>_vector8</name>
         <value>0x800100</value>
         <object_component_ref idref="oc-11"/>
      </symbol>
      <symbol id="sm-b2">
         <name>_main</name>
         <value>0x801698</value>
         <object_component_ref idref="oc-56"/>
      </symbol>
      <symbol id="sm-b3">
         <name>_TIMER0INT</name>
         <value>0x802d00</value>
         <object_component_ref idref="oc-19"/>
      </symbol>
      <symbol id="sm-b4">
         <name>_OpenStatus</name>
         <value>0x804608</value>
         <object_component_ref idref="oc-18"/>
      </symbol>
      <symbol id="sm-b5">
         <name>_DELAY_US</name>
         <value>0x800f58</value>
         <object_component_ref idref="oc-56"/>
      </symbol>
      <symbol id="sm-b6">
         <name>_NowOrder</name>
         <value>0x80465e</value>
         <object_component_ref idref="oc-15"/>
      </symbol>
      <symbol id="sm-b7">
         <name>_test_gain</name>
         <value>0x804654</value>
         <object_component_ref idref="oc-15"/>
      </symbol>
      <symbol id="sm-b8">
         <name>_ADC_DAC_RST</name>
         <value>0x801454</value>
         <object_component_ref idref="oc-56"/>
      </symbol>
      <symbol id="sm-b9">
         <name>_LED3Rev</name>
         <value>0x800f00</value>
         <object_component_ref idref="oc-56"/>
      </symbol>
      <symbol id="sm-ba">
         <name>_Error</name>
         <value>0x804640</value>
         <object_component_ref idref="oc-15"/>
      </symbol>
      <symbol id="sm-bb">
         <name>_YVol</name>
         <value>0x804648</value>
         <object_component_ref idref="oc-15"/>
      </symbol>
      <symbol id="sm-bc">
         <name>_HVol</name>
         <value>0x80464c</value>
         <object_component_ref idref="oc-15"/>
      </symbol>
      <symbol id="sm-bd">
         <name>_XVol</name>
         <value>0x804644</value>
         <object_component_ref idref="oc-15"/>
      </symbol>
      <symbol id="sm-be">
         <name>_ag_val</name>
         <value>0x8045b8</value>
         <object_component_ref idref="oc-18"/>
      </symbol>
      <symbol id="sm-bf">
         <name>_ParIni</name>
         <value>0x8015c8</value>
         <object_component_ref idref="oc-56"/>
      </symbol>
      <symbol id="sm-c0">
         <name>_cc</name>
         <value>0x80465c</value>
         <object_component_ref idref="oc-15"/>
      </symbol>
      <symbol id="sm-c1">
         <name>_initInterrupt</name>
         <value>0x80156c</value>
         <object_component_ref idref="oc-56"/>
      </symbol>
      <symbol id="sm-c2">
         <name>_ad</name>
         <value>0x8045a8</value>
         <object_component_ref idref="oc-18"/>
      </symbol>
      <symbol id="sm-c3">
         <name>_CloseStatus</name>
         <value>0x804610</value>
         <object_component_ref idref="oc-18"/>
      </symbol>
      <symbol id="sm-c4">
         <name>_Compensator</name>
         <value>0x804650</value>
         <object_component_ref idref="oc-15"/>
      </symbol>
      <symbol id="sm-c5">
         <name>_Control</name>
         <value>0x800fb8</value>
         <object_component_ref idref="oc-56"/>
      </symbol>
      <symbol id="sm-c6">
         <name>_initTimer</name>
         <value>0x801520</value>
         <object_component_ref idref="oc-56"/>
      </symbol>
      <symbol id="sm-c7">
         <name>_CFlag</name>
         <value>0x804658</value>
         <object_component_ref idref="oc-15"/>
      </symbol>
      <symbol id="sm-c8">
         <name>_init_cache</name>
         <value>0x8014f0</value>
         <object_component_ref idref="oc-56"/>
      </symbol>
      <symbol id="sm-c9">
         <name>_YY</name>
         <value>0x8045f0</value>
         <object_component_ref idref="oc-18"/>
      </symbol>
      <symbol id="sm-ca">
         <name>_YX</name>
         <value>0x8045d8</value>
         <object_component_ref idref="oc-18"/>
      </symbol>
      <symbol id="sm-cb">
         <name>_PowerOff</name>
         <value>0x80465a</value>
         <object_component_ref idref="oc-15"/>
      </symbol>
      <symbol id="sm-fe">
         <name>_C6747_UART_rcvReady</name>
         <value>0x802b48</value>
         <object_component_ref idref="oc-5d"/>
      </symbol>
      <symbol id="sm-ff">
         <name>_Sci_send</name>
         <value>0x802bb4</value>
         <object_component_ref idref="oc-5d"/>
      </symbol>
      <symbol id="sm-100">
         <name>_C6747_UART_getChar</name>
         <value>0x802b78</value>
         <object_component_ref idref="oc-5d"/>
      </symbol>
      <symbol id="sm-101">
         <name>_C6747_UART_xmtReady</name>
         <value>0x802af0</value>
         <object_component_ref idref="oc-5d"/>
      </symbol>
      <symbol id="sm-102">
         <name>_DELAY_US_ForUart</name>
         <value>0x802c98</value>
         <object_component_ref idref="oc-5d"/>
      </symbol>
      <symbol id="sm-103">
         <name>_C6747_UART_close</name>
         <value>0x802ae0</value>
         <object_component_ref idref="oc-5d"/>
      </symbol>
      <symbol id="sm-104">
         <name>_C6747_UART_putChar</name>
         <value>0x802b24</value>
         <object_component_ref idref="oc-5d"/>
      </symbol>
      <symbol id="sm-105">
         <name>_C6747_UART_open</name>
         <value>0x802940</value>
         <object_component_ref idref="oc-5d"/>
      </symbol>
      <symbol id="sm-106">
         <name>_rx_485enable</name>
         <value>0x802ba0</value>
         <object_component_ref idref="oc-5d"/>
      </symbol>
      <symbol id="sm-15f">
         <name>_PSC1_lPSC_enable</name>
         <value>0x801978</value>
         <object_component_ref idref="oc-60"/>
      </symbol>
      <symbol id="sm-160">
         <name>_emifconfig</name>
         <value>0x801f64</value>
         <object_component_ref idref="oc-60"/>
      </symbol>
      <symbol id="sm-161">
         <name>_sysinit</name>
         <value>0x801fec</value>
         <object_component_ref idref="oc-60"/>
      </symbol>
      <symbol id="sm-162">
         <name>_initpsc</name>
         <value>0x801a38</value>
         <object_component_ref idref="oc-60"/>
      </symbol>
      <symbol id="sm-163">
         <name>_CEint</name>
         <value>0x801fb4</value>
         <object_component_ref idref="oc-60"/>
      </symbol>
      <symbol id="sm-164">
         <name>_SystemConfig</name>
         <value>0x801bd0</value>
         <object_component_ref idref="oc-60"/>
      </symbol>
      <symbol id="sm-165">
         <name>_PSC0_lPSC_enable</name>
         <value>0x8018c0</value>
         <object_component_ref idref="oc-60"/>
      </symbol>
      <symbol id="sm-166">
         <name>_InitPLL</name>
         <value>0x801cd0</value>
         <object_component_ref idref="oc-60"/>
      </symbol>
      <symbol id="sm-1b0">
         <name>_C6747_I2C_close</name>
         <value>0x8020a4</value>
         <object_component_ref idref="oc-5c"/>
      </symbol>
      <symbol id="sm-1b1">
         <name>_C6747_I2C_reset</name>
         <value>0x8020b4</value>
         <object_component_ref idref="oc-5c"/>
      </symbol>
      <symbol id="sm-1b2">
         <name>_waiteeprom</name>
         <value>0x802000</value>
         <object_component_ref idref="oc-5c"/>
      </symbol>
      <symbol id="sm-1b3">
         <name>_i2c_timeout</name>
         <value>0x804660</value>
         <object_component_ref idref="oc-27"/>
      </symbol>
      <symbol id="sm-1b4">
         <name>_C6747_I2C_init</name>
         <value>0x80206c</value>
         <object_component_ref idref="oc-5c"/>
      </symbol>
      <symbol id="sm-1b5">
         <name>_C6747_I2C_read</name>
         <value>0x802274</value>
         <object_component_ref idref="oc-5c"/>
      </symbol>
      <symbol id="sm-1b6">
         <name>_Writestr</name>
         <value>0x8021c4</value>
         <object_component_ref idref="oc-5c"/>
      </symbol>
      <symbol id="sm-1b7">
         <name>_C6747_I2C_write</name>
         <value>0x8020c4</value>
         <object_component_ref idref="oc-5c"/>
      </symbol>
      <symbol id="sm-1b8">
         <name>_ReadStr</name>
         <value>0x8023f0</value>
         <object_component_ref idref="oc-5c"/>
      </symbol>
      <symbol id="sm-1c3">
         <name>_C6747_init</name>
         <value>0x803380</value>
         <object_component_ref idref="oc-5b"/>
      </symbol>
      <symbol id="sm-1d3">
         <name>__stack</name>
         <value>0x8034a0</value>
         <object_component_ref idref="oc-32"/>
      </symbol>
      <symbol id="sm-1d4">
         <name>_c_int00</name>
         <value>0x803300</value>
         <object_component_ref idref="oc-f"/>
      </symbol>
      <symbol id="sm-1dd">
         <name>__divu</name>
         <value>0x803100</value>
         <object_component_ref idref="oc-61"/>
      </symbol>
      <symbol id="sm-1f9">
         <name>__dtors_ptr</name>
         <value>0x804628</value>
         <object_component_ref idref="oc-3a"/>
      </symbol>
      <symbol id="sm-1fa">
         <name>C$$EXIT</name>
         <value>0x803460</value>
         <object_component_ref idref="oc-59"/>
      </symbol>
      <symbol id="sm-1fb">
         <name>_abort</name>
         <value>0x803460</value>
         <object_component_ref idref="oc-59"/>
      </symbol>
      <symbol id="sm-1fc">
         <name>___TI_enable_exit_profile_output</name>
         <value>0x80462c</value>
         <object_component_ref idref="oc-3a"/>
      </symbol>
      <symbol id="sm-1fd">
         <name>_exit</name>
         <value>0x803020</value>
         <object_component_ref idref="oc-55"/>
      </symbol>
      <symbol id="sm-1fe">
         <name>__cleanup_ptr</name>
         <value>0x804624</value>
         <object_component_ref idref="oc-3a"/>
      </symbol>
      <symbol id="sm-21b">
         <name>__divf</name>
         <value>0x8024a0</value>
         <object_component_ref idref="oc-5a"/>
      </symbol>
      <symbol id="sm-225">
         <name>__frcmpyf_div</name>
         <value>0x8031c0</value>
         <object_component_ref idref="oc-5f"/>
      </symbol>
      <symbol id="sm-233">
         <name>__lock</name>
         <value>0x804630</value>
         <object_component_ref idref="oc-47"/>
      </symbol>
      <symbol id="sm-234">
         <name>__nop</name>
         <value>0x803440</value>
         <object_component_ref idref="oc-57"/>
      </symbol>
      <symbol id="sm-235">
         <name>__unlock</name>
         <value>0x804634</value>
         <object_component_ref idref="oc-47"/>
      </symbol>
      <symbol id="sm-23f">
         <name>__args_main</name>
         <value>0x803400</value>
         <object_component_ref idref="oc-54"/>
      </symbol>
      <symbol id="sm-250">
         <name>__auto_init</name>
         <value>0x802f40</value>
         <object_component_ref idref="oc-53"/>
      </symbol>
      <symbol id="sm-258">
         <name>_memcpy</name>
         <value>0x803260</value>
         <object_component_ref idref="oc-58"/>
      </symbol>
   </symbol_table>
</link_info>
