<?xml version="1.0"?>
<link_info>
   <banner>TMS320C6x Linker PC v7.4.7</banner>
   <copyright>Copyright (c) 1996-2014 Texas Instruments Incorporated</copyright>
   <link_time>0x657aa026</link_time>
   <output_file>HuaweiTest_VOA.out</output_file>
   <entry_point>
      <name>_c_int00</name>
      <address>0x80ed40</address>
   </entry_point>
   <input_file_list>
      <input_file id="fl-2">
         <path>.\</path>
         <kind>object</kind>
         <file>vectors.obj</file>
         <name>vectors.obj</name>
      </input_file>
      <input_file id="fl-3">
         <path>.\</path>
         <kind>object</kind>
         <file>main.obj</file>
         <name>main.obj</name>
      </input_file>
      <input_file id="fl-4">
         <path>.\</path>
         <kind>object</kind>
         <file>Data.obj</file>
         <name>Data.obj</name>
      </input_file>
      <input_file id="fl-5">
         <path>.\</path>
         <kind>object</kind>
         <file>C6747_uart.obj</file>
         <name>C6747_uart.obj</name>
      </input_file>
      <input_file id="fl-6">
         <path>.\</path>
         <kind>object</kind>
         <file>C6747_init.obj</file>
         <name>C6747_init.obj</name>
      </input_file>
      <input_file id="fl-7">
         <path>.\</path>
         <kind>object</kind>
         <file>C6747_i2c.obj</file>
         <name>C6747_i2c.obj</name>
      </input_file>
      <input_file id="fl-8">
         <path>.\</path>
         <kind>object</kind>
         <file>C6747.obj</file>
         <name>C6747.obj</name>
      </input_file>
      <input_file id="fl-d">
         <path>..\</path>
         <kind>archive</kind>
         <file>rts6740.lib</file>
         <name>boot.obj</name>
      </input_file>
      <input_file id="fl-e">
         <path>..\</path>
         <kind>archive</kind>
         <file>rts6740.lib</file>
         <name>divu.obj</name>
      </input_file>
      <input_file id="fl-f">
         <path>..\</path>
         <kind>archive</kind>
         <file>rts6740.lib</file>
         <name>exit.obj</name>
      </input_file>
      <input_file id="fl-10">
         <path>..\</path>
         <kind>archive</kind>
         <file>rts6740.lib</file>
         <name>remi.obj</name>
      </input_file>
      <input_file id="fl-11">
         <path>..\</path>
         <kind>archive</kind>
         <file>rts6740.lib</file>
         <name>divf.obj</name>
      </input_file>
      <input_file id="fl-12">
         <path>..\</path>
         <kind>archive</kind>
         <file>rts6740.lib</file>
         <name>frcmpyf_div.obj</name>
      </input_file>
      <input_file id="fl-13">
         <path>..\</path>
         <kind>archive</kind>
         <file>rts6740.lib</file>
         <name>pow.obj</name>
      </input_file>
      <input_file id="fl-14">
         <path>..\</path>
         <kind>archive</kind>
         <file>rts6740.lib</file>
         <name>round.obj</name>
      </input_file>
      <input_file id="fl-15">
         <path>..\</path>
         <kind>archive</kind>
         <file>rts6740.lib</file>
         <name>trunc.obj</name>
      </input_file>
      <input_file id="fl-16">
         <path>..\</path>
         <kind>archive</kind>
         <file>rts6740.lib</file>
         <name>_lock.obj</name>
      </input_file>
      <input_file id="fl-17">
         <path>..\</path>
         <kind>archive</kind>
         <file>rts6740.lib</file>
         <name>args_main.obj</name>
      </input_file>
      <input_file id="fl-18">
         <path>..\</path>
         <kind>archive</kind>
         <file>rts6740.lib</file>
         <name>errno.obj</name>
      </input_file>
      <input_file id="fl-19">
         <path>..\</path>
         <kind>archive</kind>
         <file>rts6740.lib</file>
         <name>autoinit.obj</name>
      </input_file>
      <input_file id="fl-1a">
         <path>..\</path>
         <kind>archive</kind>
         <file>rts6740.lib</file>
         <name>memcpy64.obj</name>
      </input_file>
      <input_file id="fl-1b">
         <path>..\</path>
         <kind>archive</kind>
         <file>rts6740.lib</file>
         <name>divd.obj</name>
      </input_file>
      <input_file id="fl-1c">
         <path>..\</path>
         <kind>archive</kind>
         <file>rts6740.lib</file>
         <name>frcmpyd_div.obj</name>
      </input_file>
      <input_file id="fl-1d">
         <path>..\</path>
         <kind>archive</kind>
         <file>rts6740.lib</file>
         <name>frexp.obj</name>
      </input_file>
      <input_file id="fl-1e">
         <path>..\</path>
         <kind>archive</kind>
         <file>rts6740.lib</file>
         <name>ldexp.obj</name>
      </input_file>
      <input_file id="fl-1f">
         <path>..\</path>
         <kind>archive</kind>
         <file>rts6740.lib</file>
         <name>modf.obj</name>
      </input_file>
   </input_file_list>
   <object_component_list>
      <object_component id="oc-11">
         <name>.vectors</name>
         <load_address>0x800000</load_address>
         <run_address>0x800000</run_address>
         <size>0x200</size>
         <input_file_ref idref="fl-2"/>
      </object_component>
      <object_component id="oc-15">
         <name>.bss</name>
         <uninitialized>true</uninitialized>
         <run_address>0x81229c</run_address>
         <size>0x41</size>
         <input_file_ref idref="fl-3"/>
      </object_component>
      <object_component id="oc-2b">
         <name>.bss</name>
         <uninitialized>true</uninitialized>
         <run_address>0x8122e0</run_address>
         <size>0x4</size>
         <input_file_ref idref="fl-7"/>
      </object_component>
      <object_component id="oc-4d">
         <name>.cinit</name>
         <load_address>0x812028</load_address>
         <run_address>0x812028</run_address>
         <size>0x140</size>
         <input_file_ref idref="fl-13"/>
      </object_component>
      <object_component id="oc-17">
         <name>.cinit</name>
         <load_address>0x812168</load_address>
         <run_address>0x812168</run_address>
         <size>0x6d</size>
         <input_file_ref idref="fl-3"/>
      </object_component>
      <object_component id="oc-22">
         <name>.cinit</name>
         <load_address>0x8121d8</load_address>
         <run_address>0x8121d8</run_address>
         <size>0x2c</size>
         <input_file_ref idref="fl-5"/>
      </object_component>
      <object_component id="oc-3d">
         <name>.cinit</name>
         <load_address>0x812208</load_address>
         <run_address>0x812208</run_address>
         <size>0x2c</size>
         <input_file_ref idref="fl-f"/>
      </object_component>
      <object_component id="oc-58">
         <name>.cinit</name>
         <load_address>0x812238</load_address>
         <run_address>0x812238</run_address>
         <size>0x1c</size>
         <input_file_ref idref="fl-16"/>
      </object_component>
      <object_component id="oc-6a">
         <name>.cinit</name>
         <load_address>0x812258</load_address>
         <run_address>0x812258</run_address>
         <size>0x10</size>
         <input_file_ref idref="fl-1b"/>
      </object_component>
      <object_component id="oc-45">
         <name>.cinit</name>
         <load_address>0x812268</load_address>
         <run_address>0x812268</run_address>
         <size>0x10</size>
         <input_file_ref idref="fl-11"/>
      </object_component>
      <object_component id="oc-2d">
         <name>.cinit</name>
         <load_address>0x812278</load_address>
         <run_address>0x812278</run_address>
         <size>0xc</size>
         <input_file_ref idref="fl-7"/>
      </object_component>
      <object_component id="oc-60">
         <name>.cinit</name>
         <load_address>0x812288</load_address>
         <run_address>0x812288</run_address>
         <size>0xc</size>
         <input_file_ref idref="fl-18"/>
      </object_component>
      <object_component id="oc-36">
         <name>.stack</name>
         <uninitialized>true</uninitialized>
         <run_address>0x811028</run_address>
         <size>0x8</size>
         <input_file_ref idref="fl-d"/>
      </object_component>
      <object_component id="oc-aa">
         <name>.stack</name>
         <uninitialized>true</uninitialized>
         <run_address>0x811028</run_address>
         <size>0x0</size>
      </object_component>
      <object_component id="oc-84">
         <name>.text</name>
         <load_address>0x800f00</load_address>
         <run_address>0x800f00</run_address>
         <size>0xa5c0</size>
         <input_file_ref idref="fl-4"/>
      </object_component>
      <object_component id="oc-7d">
         <name>.text</name>
         <load_address>0x80b4c0</load_address>
         <run_address>0x80b4c0</run_address>
         <size>0x940</size>
         <input_file_ref idref="fl-3"/>
      </object_component>
      <object_component id="oc-8c">
         <name>.text:__divd</name>
         <load_address>0x80be00</load_address>
         <run_address>0x80be00</run_address>
         <size>0x780</size>
         <input_file_ref idref="fl-1b"/>
      </object_component>
      <object_component id="oc-90">
         <name>.text</name>
         <load_address>0x80c580</load_address>
         <run_address>0x80c580</run_address>
         <size>0x740</size>
         <input_file_ref idref="fl-6"/>
      </object_component>
      <object_component id="oc-83">
         <name>.text:_pow</name>
         <load_address>0x80ccc0</load_address>
         <run_address>0x80ccc0</run_address>
         <size>0x700</size>
         <input_file_ref idref="fl-13"/>
      </object_component>
      <object_component id="oc-86">
         <name>.text</name>
         <load_address>0x80d3c0</load_address>
         <run_address>0x80d3c0</run_address>
         <size>0x4a0</size>
         <input_file_ref idref="fl-7"/>
      </object_component>
      <object_component id="oc-82">
         <name>.text:__divf</name>
         <load_address>0x80d860</load_address>
         <run_address>0x80d860</run_address>
         <size>0x4a0</size>
         <input_file_ref idref="fl-11"/>
      </object_component>
      <object_component id="oc-87">
         <name>.text</name>
         <load_address>0x80dd00</load_address>
         <run_address>0x80dd00</run_address>
         <size>0x3c0</size>
         <input_file_ref idref="fl-5"/>
      </object_component>
      <object_component id="oc-19">
         <name>.text:retain</name>
         <load_address>0x80e0c0</load_address>
         <run_address>0x80e0c0</run_address>
         <size>0x240</size>
         <input_file_ref idref="fl-3"/>
      </object_component>
      <object_component id="oc-93">
         <name>.text:__frcmpyd_div</name>
         <load_address>0x80e300</load_address>
         <run_address>0x80e300</run_address>
         <size>0x200</size>
         <input_file_ref idref="fl-1c"/>
      </object_component>
      <object_component id="oc-8b">
         <name>.text:_ldexp</name>
         <load_address>0x80e500</load_address>
         <run_address>0x80e500</run_address>
         <size>0x160</size>
         <input_file_ref idref="fl-1e"/>
      </object_component>
      <object_component id="oc-8a">
         <name>.text:_frexp</name>
         <load_address>0x80e660</load_address>
         <run_address>0x80e660</run_address>
         <size>0x120</size>
         <input_file_ref idref="fl-1d"/>
      </object_component>
      <object_component id="oc-7a">
         <name>.text:__auto_init</name>
         <load_address>0x80e780</load_address>
         <run_address>0x80e780</run_address>
         <size>0xe0</size>
         <input_file_ref idref="fl-19"/>
      </object_component>
      <object_component id="oc-7c">
         <name>.text:_exit</name>
         <load_address>0x80e860</load_address>
         <run_address>0x80e860</run_address>
         <size>0xe0</size>
         <input_file_ref idref="fl-f"/>
      </object_component>
      <object_component id="oc-91">
         <name>.text:__divu</name>
         <load_address>0x80e940</load_address>
         <run_address>0x80e940</run_address>
         <size>0xc0</size>
         <input_file_ref idref="fl-e"/>
      </object_component>
      <object_component id="oc-81">
         <name>.text:__remi</name>
         <load_address>0x80ea00</load_address>
         <run_address>0x80ea00</run_address>
         <size>0xc0</size>
         <input_file_ref idref="fl-10"/>
      </object_component>
      <object_component id="oc-89">
         <name>.text:__frcmpyf_div</name>
         <load_address>0x80eac0</load_address>
         <run_address>0x80eac0</run_address>
         <size>0xa0</size>
         <input_file_ref idref="fl-12"/>
      </object_component>
      <object_component id="oc-8d">
         <name>.text:__nround</name>
         <load_address>0x80eb60</load_address>
         <run_address>0x80eb60</run_address>
         <size>0xa0</size>
         <input_file_ref idref="fl-14"/>
      </object_component>
      <object_component id="oc-7f">
         <name>.text:_memcpy</name>
         <load_address>0x80ec00</load_address>
         <run_address>0x80ec00</run_address>
         <size>0xa0</size>
         <input_file_ref idref="fl-1a"/>
      </object_component>
      <object_component id="oc-8f">
         <name>.text:_modf</name>
         <load_address>0x80eca0</load_address>
         <run_address>0x80eca0</run_address>
         <size>0xa0</size>
         <input_file_ref idref="fl-1f"/>
      </object_component>
      <object_component id="oc-f">
         <name>.text:_c_int00</name>
         <load_address>0x80ed40</load_address>
         <run_address>0x80ed40</run_address>
         <size>0x80</size>
         <input_file_ref idref="fl-d"/>
      </object_component>
      <object_component id="oc-85">
         <name>.text</name>
         <load_address>0x80edc0</load_address>
         <run_address>0x80edc0</run_address>
         <size>0x40</size>
         <input_file_ref idref="fl-8"/>
      </object_component>
      <object_component id="oc-92">
         <name>.text:___isnan</name>
         <load_address>0x80ee00</load_address>
         <run_address>0x80ee00</run_address>
         <size>0x40</size>
         <input_file_ref idref="fl-1b"/>
      </object_component>
      <object_component id="oc-88">
         <name>.text:___isnanf</name>
         <load_address>0x80ee40</load_address>
         <run_address>0x80ee40</run_address>
         <size>0x40</size>
         <input_file_ref idref="fl-11"/>
      </object_component>
      <object_component id="oc-7b">
         <name>.text:__args_main</name>
         <load_address>0x80ee80</load_address>
         <run_address>0x80ee80</run_address>
         <size>0x40</size>
         <input_file_ref idref="fl-17"/>
      </object_component>
      <object_component id="oc-7e">
         <name>.text:__nop</name>
         <load_address>0x80eec0</load_address>
         <run_address>0x80eec0</run_address>
         <size>0x20</size>
         <input_file_ref idref="fl-16"/>
      </object_component>
      <object_component id="oc-8e">
         <name>.text:__trunc</name>
         <load_address>0x80eee0</load_address>
         <run_address>0x80eee0</run_address>
         <size>0x20</size>
         <input_file_ref idref="fl-15"/>
      </object_component>
      <object_component id="oc-80">
         <name>.text:_abort</name>
         <load_address>0x80ef00</load_address>
         <run_address>0x80ef00</run_address>
         <size>0x20</size>
         <input_file_ref idref="fl-f"/>
      </object_component>
      <object_component id="oc-10">
         <name>.text</name>
         <load_address>0x80ef20</load_address>
         <run_address>0x80ef20</run_address>
         <size>0x20</size>
         <input_file_ref idref="fl-2"/>
      </object_component>
      <object_component id="oc-18">
         <name>.far</name>
         <uninitialized>true</uninitialized>
         <run_address>0x80ef40</run_address>
         <size>0x1f8d</size>
         <input_file_ref idref="fl-3"/>
      </object_component>
      <object_component id="oc-23">
         <name>.far</name>
         <uninitialized>true</uninitialized>
         <run_address>0x810ff0</run_address>
         <size>0xc</size>
         <input_file_ref idref="fl-5"/>
      </object_component>
      <object_component id="oc-3e">
         <name>.far</name>
         <uninitialized>true</uninitialized>
         <run_address>0x810ffc</run_address>
         <size>0xc</size>
         <input_file_ref idref="fl-f"/>
      </object_component>
      <object_component id="oc-46">
         <name>.far</name>
         <uninitialized>true</uninitialized>
         <run_address>0x811018</run_address>
         <size>0x8</size>
         <input_file_ref idref="fl-11"/>
      </object_component>
      <object_component id="oc-4e">
         <name>.far</name>
         <uninitialized>true</uninitialized>
         <run_address>0x810ed0</run_address>
         <size>0x120</size>
         <input_file_ref idref="fl-13"/>
      </object_component>
      <object_component id="oc-59">
         <name>.far</name>
         <uninitialized>true</uninitialized>
         <run_address>0x811008</run_address>
         <size>0x8</size>
         <input_file_ref idref="fl-16"/>
      </object_component>
      <object_component id="oc-61">
         <name>.far</name>
         <uninitialized>true</uninitialized>
         <run_address>0x811020</run_address>
         <size>0x4</size>
         <input_file_ref idref="fl-18"/>
      </object_component>
      <object_component id="oc-6b">
         <name>.far</name>
         <uninitialized>true</uninitialized>
         <run_address>0x811010</run_address>
         <size>0x8</size>
         <input_file_ref idref="fl-1b"/>
      </object_component>
      <object_component id="oc-12">
         <name>.debug_info</name>
         <load_address>0x0</load_address>
         <run_address>0x0</run_address>
         <size>0xd9</size>
         <input_file_ref idref="fl-2"/>
      </object_component>
      <object_component id="oc-16">
         <name>.debug_info</name>
         <load_address>0xd9</load_address>
         <run_address>0xd9</run_address>
         <size>0x1192</size>
         <input_file_ref idref="fl-3"/>
      </object_component>
      <object_component id="oc-1d">
         <name>.debug_info</name>
         <load_address>0x126b</load_address>
         <run_address>0x126b</run_address>
         <size>0x62e</size>
         <input_file_ref idref="fl-4"/>
      </object_component>
      <object_component id="oc-21">
         <name>.debug_info</name>
         <load_address>0x1899</load_address>
         <run_address>0x1899</run_address>
         <size>0xfca</size>
         <input_file_ref idref="fl-5"/>
      </object_component>
      <object_component id="oc-27">
         <name>.debug_info</name>
         <load_address>0x2863</load_address>
         <run_address>0x2863</run_address>
         <size>0x1111</size>
         <input_file_ref idref="fl-6"/>
      </object_component>
      <object_component id="oc-2c">
         <name>.debug_info</name>
         <load_address>0x3974</load_address>
         <run_address>0x3974</run_address>
         <size>0x1029</size>
         <input_file_ref idref="fl-7"/>
      </object_component>
      <object_component id="oc-31">
         <name>.debug_info</name>
         <load_address>0x499d</load_address>
         <run_address>0x499d</run_address>
         <size>0x624</size>
         <input_file_ref idref="fl-8"/>
      </object_component>
      <object_component id="oc-35">
         <name>.debug_info</name>
         <load_address>0x4fc1</load_address>
         <run_address>0x4fc1</run_address>
         <size>0x6f5</size>
         <input_file_ref idref="fl-d"/>
      </object_component>
      <object_component id="oc-39">
         <name>.debug_info</name>
         <load_address>0x56b6</load_address>
         <run_address>0x56b6</run_address>
         <size>0xfa</size>
         <input_file_ref idref="fl-e"/>
      </object_component>
      <object_component id="oc-3c">
         <name>.debug_info</name>
         <load_address>0x57b0</load_address>
         <run_address>0x57b0</run_address>
         <size>0x86b</size>
         <input_file_ref idref="fl-f"/>
      </object_component>
      <object_component id="oc-41">
         <name>.debug_info</name>
         <load_address>0x601b</load_address>
         <run_address>0x601b</run_address>
         <size>0xfa</size>
         <input_file_ref idref="fl-10"/>
      </object_component>
      <object_component id="oc-44">
         <name>.debug_info</name>
         <load_address>0x6115</load_address>
         <run_address>0x6115</run_address>
         <size>0x82f</size>
         <input_file_ref idref="fl-11"/>
      </object_component>
      <object_component id="oc-49">
         <name>.debug_info</name>
         <load_address>0x6944</load_address>
         <run_address>0x6944</run_address>
         <size>0x5e8</size>
         <input_file_ref idref="fl-12"/>
      </object_component>
      <object_component id="oc-4c">
         <name>.debug_info</name>
         <load_address>0x6f2c</load_address>
         <run_address>0x6f2c</run_address>
         <size>0x8b3</size>
         <input_file_ref idref="fl-13"/>
      </object_component>
      <object_component id="oc-51">
         <name>.debug_info</name>
         <load_address>0x77df</load_address>
         <run_address>0x77df</run_address>
         <size>0x5cc</size>
         <input_file_ref idref="fl-14"/>
      </object_component>
      <object_component id="oc-54">
         <name>.debug_info</name>
         <load_address>0x7dab</load_address>
         <run_address>0x7dab</run_address>
         <size>0x5ca</size>
         <input_file_ref idref="fl-15"/>
      </object_component>
      <object_component id="oc-57">
         <name>.debug_info</name>
         <load_address>0x8375</load_address>
         <run_address>0x8375</run_address>
         <size>0x5be</size>
         <input_file_ref idref="fl-16"/>
      </object_component>
      <object_component id="oc-5c">
         <name>.debug_info</name>
         <load_address>0x8933</load_address>
         <run_address>0x8933</run_address>
         <size>0x688</size>
         <input_file_ref idref="fl-17"/>
      </object_component>
      <object_component id="oc-5f">
         <name>.debug_info</name>
         <load_address>0x8fbb</load_address>
         <run_address>0x8fbb</run_address>
         <size>0x54e</size>
         <input_file_ref idref="fl-18"/>
      </object_component>
      <object_component id="oc-63">
         <name>.debug_info</name>
         <load_address>0x9509</load_address>
         <run_address>0x9509</run_address>
         <size>0x7ae</size>
         <input_file_ref idref="fl-19"/>
      </object_component>
      <object_component id="oc-66">
         <name>.debug_info</name>
         <load_address>0x9cb7</load_address>
         <run_address>0x9cb7</run_address>
         <size>0x109</size>
         <input_file_ref idref="fl-1a"/>
      </object_component>
      <object_component id="oc-69">
         <name>.debug_info</name>
         <load_address>0x9dc0</load_address>
         <run_address>0x9dc0</run_address>
         <size>0x82e</size>
         <input_file_ref idref="fl-1b"/>
      </object_component>
      <object_component id="oc-6e">
         <name>.debug_info</name>
         <load_address>0xa5ee</load_address>
         <run_address>0xa5ee</run_address>
         <size>0x5f4</size>
         <input_file_ref idref="fl-1c"/>
      </object_component>
      <object_component id="oc-71">
         <name>.debug_info</name>
         <load_address>0xabe2</load_address>
         <run_address>0xabe2</run_address>
         <size>0x631</size>
         <input_file_ref idref="fl-1d"/>
      </object_component>
      <object_component id="oc-74">
         <name>.debug_info</name>
         <load_address>0xb213</load_address>
         <run_address>0xb213</run_address>
         <size>0x62a</size>
         <input_file_ref idref="fl-1e"/>
      </object_component>
      <object_component id="oc-77">
         <name>.debug_info</name>
         <load_address>0xb83d</load_address>
         <run_address>0xb83d</run_address>
         <size>0x60c</size>
         <input_file_ref idref="fl-1f"/>
      </object_component>
      <object_component id="oc-ab">
         <name>.debug_info</name>
         <load_address>0xbe49</load_address>
         <run_address>0xbe49</run_address>
         <size>0x6d</size>
      </object_component>
      <object_component id="oc-13">
         <name>.debug_line</name>
         <load_address>0x0</load_address>
         <run_address>0x0</run_address>
         <size>0xcd</size>
         <input_file_ref idref="fl-2"/>
      </object_component>
      <object_component id="oc-1b">
         <name>.debug_line</name>
         <load_address>0xcd</load_address>
         <run_address>0xcd</run_address>
         <size>0x272</size>
         <input_file_ref idref="fl-3"/>
      </object_component>
      <object_component id="oc-1f">
         <name>.debug_line</name>
         <load_address>0x33f</load_address>
         <run_address>0x33f</run_address>
         <size>0x80d</size>
         <input_file_ref idref="fl-4"/>
      </object_component>
      <object_component id="oc-25">
         <name>.debug_line</name>
         <load_address>0xb4c</load_address>
         <run_address>0xb4c</run_address>
         <size>0x1a0</size>
         <input_file_ref idref="fl-5"/>
      </object_component>
      <object_component id="oc-29">
         <name>.debug_line</name>
         <load_address>0xcec</load_address>
         <run_address>0xcec</run_address>
         <size>0x1d8</size>
         <input_file_ref idref="fl-6"/>
      </object_component>
      <object_component id="oc-2f">
         <name>.debug_line</name>
         <load_address>0xec4</load_address>
         <run_address>0xec4</run_address>
         <size>0x197</size>
         <input_file_ref idref="fl-7"/>
      </object_component>
      <object_component id="oc-33">
         <name>.debug_line</name>
         <load_address>0x105b</load_address>
         <run_address>0x105b</run_address>
         <size>0x41</size>
         <input_file_ref idref="fl-8"/>
      </object_component>
      <object_component id="oc-37">
         <name>.debug_line</name>
         <load_address>0x109c</load_address>
         <run_address>0x109c</run_address>
         <size>0x3c</size>
         <input_file_ref idref="fl-d"/>
      </object_component>
      <object_component id="oc-3a">
         <name>.debug_line</name>
         <load_address>0x10d8</load_address>
         <run_address>0x10d8</run_address>
         <size>0x44</size>
         <input_file_ref idref="fl-e"/>
      </object_component>
      <object_component id="oc-3f">
         <name>.debug_line</name>
         <load_address>0x111c</load_address>
         <run_address>0x111c</run_address>
         <size>0x4f</size>
         <input_file_ref idref="fl-f"/>
      </object_component>
      <object_component id="oc-42">
         <name>.debug_line</name>
         <load_address>0x116b</load_address>
         <run_address>0x116b</run_address>
         <size>0x43</size>
         <input_file_ref idref="fl-10"/>
      </object_component>
      <object_component id="oc-47">
         <name>.debug_line</name>
         <load_address>0x11ae</load_address>
         <run_address>0x11ae</run_address>
         <size>0x89</size>
         <input_file_ref idref="fl-11"/>
      </object_component>
      <object_component id="oc-4a">
         <name>.debug_line</name>
         <load_address>0x1237</load_address>
         <run_address>0x1237</run_address>
         <size>0x44</size>
         <input_file_ref idref="fl-12"/>
      </object_component>
      <object_component id="oc-4f">
         <name>.debug_line</name>
         <load_address>0x127b</load_address>
         <run_address>0x127b</run_address>
         <size>0x66</size>
         <input_file_ref idref="fl-13"/>
      </object_component>
      <object_component id="oc-52">
         <name>.debug_line</name>
         <load_address>0x12e1</load_address>
         <run_address>0x12e1</run_address>
         <size>0x3e</size>
         <input_file_ref idref="fl-14"/>
      </object_component>
      <object_component id="oc-55">
         <name>.debug_line</name>
         <load_address>0x131f</load_address>
         <run_address>0x131f</run_address>
         <size>0x3c</size>
         <input_file_ref idref="fl-15"/>
      </object_component>
      <object_component id="oc-5a">
         <name>.debug_line</name>
         <load_address>0x135b</load_address>
         <run_address>0x135b</run_address>
         <size>0x3b</size>
         <input_file_ref idref="fl-16"/>
      </object_component>
      <object_component id="oc-5d">
         <name>.debug_line</name>
         <load_address>0x1396</load_address>
         <run_address>0x1396</run_address>
         <size>0x44</size>
         <input_file_ref idref="fl-17"/>
      </object_component>
      <object_component id="oc-64">
         <name>.debug_line</name>
         <load_address>0x13da</load_address>
         <run_address>0x13da</run_address>
         <size>0x4b</size>
         <input_file_ref idref="fl-19"/>
      </object_component>
      <object_component id="oc-67">
         <name>.debug_line</name>
         <load_address>0x1425</load_address>
         <run_address>0x1425</run_address>
         <size>0x4a</size>
         <input_file_ref idref="fl-1a"/>
      </object_component>
      <object_component id="oc-6c">
         <name>.debug_line</name>
         <load_address>0x146f</load_address>
         <run_address>0x146f</run_address>
         <size>0x88</size>
         <input_file_ref idref="fl-1b"/>
      </object_component>
      <object_component id="oc-6f">
         <name>.debug_line</name>
         <load_address>0x14f7</load_address>
         <run_address>0x14f7</run_address>
         <size>0x43</size>
         <input_file_ref idref="fl-1c"/>
      </object_component>
      <object_component id="oc-72">
         <name>.debug_line</name>
         <load_address>0x153a</load_address>
         <run_address>0x153a</run_address>
         <size>0x3f</size>
         <input_file_ref idref="fl-1d"/>
      </object_component>
      <object_component id="oc-75">
         <name>.debug_line</name>
         <load_address>0x1579</load_address>
         <run_address>0x1579</run_address>
         <size>0x3f</size>
         <input_file_ref idref="fl-1e"/>
      </object_component>
      <object_component id="oc-78">
         <name>.debug_line</name>
         <load_address>0x15b8</load_address>
         <run_address>0x15b8</run_address>
         <size>0x3d</size>
         <input_file_ref idref="fl-1f"/>
      </object_component>
      <object_component id="oc-14">
         <name>.debug_abbrev</name>
         <load_address>0x0</load_address>
         <run_address>0x0</run_address>
         <size>0x20</size>
         <input_file_ref idref="fl-2"/>
      </object_component>
      <object_component id="oc-1c">
         <name>.debug_abbrev</name>
         <load_address>0x20</load_address>
         <run_address>0x20</run_address>
         <size>0x1aa</size>
         <input_file_ref idref="fl-3"/>
      </object_component>
      <object_component id="oc-20">
         <name>.debug_abbrev</name>
         <load_address>0x1ca</load_address>
         <run_address>0x1ca</run_address>
         <size>0x90</size>
         <input_file_ref idref="fl-4"/>
      </object_component>
      <object_component id="oc-26">
         <name>.debug_abbrev</name>
         <load_address>0x25a</load_address>
         <run_address>0x25a</run_address>
         <size>0x109</size>
         <input_file_ref idref="fl-5"/>
      </object_component>
      <object_component id="oc-2a">
         <name>.debug_abbrev</name>
         <load_address>0x363</load_address>
         <run_address>0x363</run_address>
         <size>0xfa</size>
         <input_file_ref idref="fl-6"/>
      </object_component>
      <object_component id="oc-30">
         <name>.debug_abbrev</name>
         <load_address>0x45d</load_address>
         <run_address>0x45d</run_address>
         <size>0xf0</size>
         <input_file_ref idref="fl-7"/>
      </object_component>
      <object_component id="oc-34">
         <name>.debug_abbrev</name>
         <load_address>0x54d</load_address>
         <run_address>0x54d</run_address>
         <size>0x87</size>
         <input_file_ref idref="fl-8"/>
      </object_component>
      <object_component id="oc-38">
         <name>.debug_abbrev</name>
         <load_address>0x5d4</load_address>
         <run_address>0x5d4</run_address>
         <size>0xe6</size>
         <input_file_ref idref="fl-d"/>
      </object_component>
      <object_component id="oc-3b">
         <name>.debug_abbrev</name>
         <load_address>0x6ba</load_address>
         <run_address>0x6ba</run_address>
         <size>0x3a</size>
         <input_file_ref idref="fl-e"/>
      </object_component>
      <object_component id="oc-40">
         <name>.debug_abbrev</name>
         <load_address>0x6f4</load_address>
         <run_address>0x6f4</run_address>
         <size>0xf0</size>
         <input_file_ref idref="fl-f"/>
      </object_component>
      <object_component id="oc-43">
         <name>.debug_abbrev</name>
         <load_address>0x7e4</load_address>
         <run_address>0x7e4</run_address>
         <size>0x3a</size>
         <input_file_ref idref="fl-10"/>
      </object_component>
      <object_component id="oc-48">
         <name>.debug_abbrev</name>
         <load_address>0x81e</load_address>
         <run_address>0x81e</run_address>
         <size>0x10d</size>
         <input_file_ref idref="fl-11"/>
      </object_component>
      <object_component id="oc-4b">
         <name>.debug_abbrev</name>
         <load_address>0x92b</load_address>
         <run_address>0x92b</run_address>
         <size>0x7a</size>
         <input_file_ref idref="fl-12"/>
      </object_component>
      <object_component id="oc-50">
         <name>.debug_abbrev</name>
         <load_address>0x9a5</load_address>
         <run_address>0x9a5</run_address>
         <size>0xdc</size>
         <input_file_ref idref="fl-13"/>
      </object_component>
      <object_component id="oc-53">
         <name>.debug_abbrev</name>
         <load_address>0xa81</load_address>
         <run_address>0xa81</run_address>
         <size>0x9d</size>
         <input_file_ref idref="fl-14"/>
      </object_component>
      <object_component id="oc-56">
         <name>.debug_abbrev</name>
         <load_address>0xb1e</load_address>
         <run_address>0xb1e</run_address>
         <size>0x9d</size>
         <input_file_ref idref="fl-15"/>
      </object_component>
      <object_component id="oc-5b">
         <name>.debug_abbrev</name>
         <load_address>0xbbb</load_address>
         <run_address>0xbbb</run_address>
         <size>0x82</size>
         <input_file_ref idref="fl-16"/>
      </object_component>
      <object_component id="oc-5e">
         <name>.debug_abbrev</name>
         <load_address>0xc3d</load_address>
         <run_address>0xc3d</run_address>
         <size>0xd1</size>
         <input_file_ref idref="fl-17"/>
      </object_component>
      <object_component id="oc-62">
         <name>.debug_abbrev</name>
         <load_address>0xd0e</load_address>
         <run_address>0xd0e</run_address>
         <size>0x35</size>
         <input_file_ref idref="fl-18"/>
      </object_component>
      <object_component id="oc-65">
         <name>.debug_abbrev</name>
         <load_address>0xd43</load_address>
         <run_address>0xd43</run_address>
         <size>0x10a</size>
         <input_file_ref idref="fl-19"/>
      </object_component>
      <object_component id="oc-68">
         <name>.debug_abbrev</name>
         <load_address>0xe4d</load_address>
         <run_address>0xe4d</run_address>
         <size>0x3a</size>
         <input_file_ref idref="fl-1a"/>
      </object_component>
      <object_component id="oc-6d">
         <name>.debug_abbrev</name>
         <load_address>0xe87</load_address>
         <run_address>0xe87</run_address>
         <size>0x10d</size>
         <input_file_ref idref="fl-1b"/>
      </object_component>
      <object_component id="oc-70">
         <name>.debug_abbrev</name>
         <load_address>0xf94</load_address>
         <run_address>0xf94</run_address>
         <size>0x7a</size>
         <input_file_ref idref="fl-1c"/>
      </object_component>
      <object_component id="oc-73">
         <name>.debug_abbrev</name>
         <load_address>0x100e</load_address>
         <run_address>0x100e</run_address>
         <size>0x9f</size>
         <input_file_ref idref="fl-1d"/>
      </object_component>
      <object_component id="oc-76">
         <name>.debug_abbrev</name>
         <load_address>0x10ad</load_address>
         <run_address>0x10ad</run_address>
         <size>0x96</size>
         <input_file_ref idref="fl-1e"/>
      </object_component>
      <object_component id="oc-79">
         <name>.debug_abbrev</name>
         <load_address>0x1143</load_address>
         <run_address>0x1143</run_address>
         <size>0x8f</size>
         <input_file_ref idref="fl-1f"/>
      </object_component>
      <object_component id="oc-ac">
         <name>.debug_abbrev</name>
         <load_address>0x11d2</load_address>
         <run_address>0x11d2</run_address>
         <size>0xd</size>
      </object_component>
      <object_component id="oc-1a">
         <name>.debug_frame</name>
         <load_address>0x0</load_address>
         <run_address>0x0</run_address>
         <size>0x46b</size>
         <input_file_ref idref="fl-3"/>
      </object_component>
      <object_component id="oc-1e">
         <name>.debug_frame</name>
         <load_address>0x46b</load_address>
         <run_address>0x46b</run_address>
         <size>0x25c</size>
         <input_file_ref idref="fl-4"/>
      </object_component>
      <object_component id="oc-24">
         <name>.debug_frame</name>
         <load_address>0x6c7</load_address>
         <run_address>0x6c7</run_address>
         <size>0x335</size>
         <input_file_ref idref="fl-5"/>
      </object_component>
      <object_component id="oc-28">
         <name>.debug_frame</name>
         <load_address>0x9fc</load_address>
         <run_address>0x9fc</run_address>
         <size>0x314</size>
         <input_file_ref idref="fl-6"/>
      </object_component>
      <object_component id="oc-2e">
         <name>.debug_frame</name>
         <load_address>0xd10</load_address>
         <run_address>0xd10</run_address>
         <size>0x31a</size>
         <input_file_ref idref="fl-7"/>
      </object_component>
      <object_component id="oc-32">
         <name>.debug_frame</name>
         <load_address>0x102a</load_address>
         <run_address>0x102a</run_address>
         <size>0x25d</size>
         <input_file_ref idref="fl-8"/>
      </object_component>
   </object_component_list>
   <logical_group_list>
      <logical_group id="lg-2">
         <name>.vectors</name>
         <load_address>0x800000</load_address>
         <run_address>0x800000</run_address>
         <size>0x200</size>
         <contents>
            <object_component_ref idref="oc-11"/>
         </contents>
      </logical_group>
      <logical_group id="lg-3">
         <name>.data</name>
         <run_address>0x800f00</run_address>
         <size>0x0</size>
         <contents>
         </contents>
      </logical_group>
      <logical_group id="lg-4">
         <name>.bss</name>
         <run_address>0x81229c</run_address>
         <size>0x48</size>
         <contents>
            <object_component_ref idref="oc-15"/>
            <object_component_ref idref="oc-2b"/>
         </contents>
      </logical_group>
      <logical_group id="lg-5">
         <name>.cinit</name>
         <load_address>0x812028</load_address>
         <run_address>0x812028</run_address>
         <size>0x274</size>
         <contents>
            <object_component_ref idref="oc-4d"/>
            <object_component_ref idref="oc-17"/>
            <object_component_ref idref="oc-22"/>
            <object_component_ref idref="oc-3d"/>
            <object_component_ref idref="oc-58"/>
            <object_component_ref idref="oc-6a"/>
            <object_component_ref idref="oc-45"/>
            <object_component_ref idref="oc-2d"/>
            <object_component_ref idref="oc-60"/>
         </contents>
      </logical_group>
      <logical_group id="lg-6">
         <name>.cio</name>
         <run_address>0x0</run_address>
         <size>0x0</size>
         <contents>
         </contents>
      </logical_group>
      <logical_group id="lg-7">
         <name>.const</name>
         <run_address>0x0</run_address>
         <size>0x0</size>
         <contents>
         </contents>
      </logical_group>
      <logical_group id="lg-8">
         <name>.stack</name>
         <run_address>0x811028</run_address>
         <size>0x1000</size>
         <contents>
            <object_component_ref idref="oc-36"/>
            <object_component_ref idref="oc-aa"/>
         </contents>
      </logical_group>
      <logical_group id="lg-9">
         <name>.sysmem</name>
         <run_address>0x0</run_address>
         <size>0x0</size>
         <contents>
         </contents>
      </logical_group>
      <logical_group id="lg-a">
         <name>.text</name>
         <load_address>0x800f00</load_address>
         <run_address>0x800f00</run_address>
         <size>0xe040</size>
         <contents>
            <object_component_ref idref="oc-84"/>
            <object_component_ref idref="oc-7d"/>
            <object_component_ref idref="oc-8c"/>
            <object_component_ref idref="oc-90"/>
            <object_component_ref idref="oc-83"/>
            <object_component_ref idref="oc-86"/>
            <object_component_ref idref="oc-82"/>
            <object_component_ref idref="oc-87"/>
            <object_component_ref idref="oc-19"/>
            <object_component_ref idref="oc-93"/>
            <object_component_ref idref="oc-8b"/>
            <object_component_ref idref="oc-8a"/>
            <object_component_ref idref="oc-7a"/>
            <object_component_ref idref="oc-7c"/>
            <object_component_ref idref="oc-91"/>
            <object_component_ref idref="oc-81"/>
            <object_component_ref idref="oc-89"/>
            <object_component_ref idref="oc-8d"/>
            <object_component_ref idref="oc-7f"/>
            <object_component_ref idref="oc-8f"/>
            <object_component_ref idref="oc-f"/>
            <object_component_ref idref="oc-85"/>
            <object_component_ref idref="oc-92"/>
            <object_component_ref idref="oc-88"/>
            <object_component_ref idref="oc-7b"/>
            <object_component_ref idref="oc-7e"/>
            <object_component_ref idref="oc-8e"/>
            <object_component_ref idref="oc-80"/>
            <object_component_ref idref="oc-10"/>
         </contents>
      </logical_group>
      <logical_group id="lg-b">
         <name>.switch</name>
         <run_address>0x0</run_address>
         <size>0x0</size>
         <contents>
         </contents>
      </logical_group>
      <logical_group id="lg-c">
         <name>.far</name>
         <run_address>0x80ef40</run_address>
         <size>0x20e4</size>
         <contents>
            <object_component_ref idref="oc-18"/>
            <object_component_ref idref="oc-23"/>
            <object_component_ref idref="oc-3e"/>
            <object_component_ref idref="oc-46"/>
            <object_component_ref idref="oc-4e"/>
            <object_component_ref idref="oc-59"/>
            <object_component_ref idref="oc-61"/>
            <object_component_ref idref="oc-6b"/>
         </contents>
      </logical_group>
      <logical_group id="lg-d">
         <name>.calcbuffer</name>
         <run_address>0x0</run_address>
         <size>0x0</size>
         <contents>
         </contents>
      </logical_group>
      <logical_group id="lg-e">
         <name>.compxbuf</name>
         <run_address>0x0</run_address>
         <size>0x0</size>
         <contents>
         </contents>
      </logical_group>
      <logical_group id="lg-a1">
         <name>.debug_info</name>
         <load_address>0x0</load_address>
         <run_address>0x0</run_address>
         <size>0xbeb6</size>
         <contents>
            <object_component_ref idref="oc-12"/>
            <object_component_ref idref="oc-16"/>
            <object_component_ref idref="oc-1d"/>
            <object_component_ref idref="oc-21"/>
            <object_component_ref idref="oc-27"/>
            <object_component_ref idref="oc-2c"/>
            <object_component_ref idref="oc-31"/>
            <object_component_ref idref="oc-35"/>
            <object_component_ref idref="oc-39"/>
            <object_component_ref idref="oc-3c"/>
            <object_component_ref idref="oc-41"/>
            <object_component_ref idref="oc-44"/>
            <object_component_ref idref="oc-49"/>
            <object_component_ref idref="oc-4c"/>
            <object_component_ref idref="oc-51"/>
            <object_component_ref idref="oc-54"/>
            <object_component_ref idref="oc-57"/>
            <object_component_ref idref="oc-5c"/>
            <object_component_ref idref="oc-5f"/>
            <object_component_ref idref="oc-63"/>
            <object_component_ref idref="oc-66"/>
            <object_component_ref idref="oc-69"/>
            <object_component_ref idref="oc-6e"/>
            <object_component_ref idref="oc-71"/>
            <object_component_ref idref="oc-74"/>
            <object_component_ref idref="oc-77"/>
            <object_component_ref idref="oc-ab"/>
         </contents>
      </logical_group>
      <logical_group id="lg-a3">
         <name>.debug_line</name>
         <load_address>0x0</load_address>
         <run_address>0x0</run_address>
         <size>0x15f5</size>
         <contents>
            <object_component_ref idref="oc-13"/>
            <object_component_ref idref="oc-1b"/>
            <object_component_ref idref="oc-1f"/>
            <object_component_ref idref="oc-25"/>
            <object_component_ref idref="oc-29"/>
            <object_component_ref idref="oc-2f"/>
            <object_component_ref idref="oc-33"/>
            <object_component_ref idref="oc-37"/>
            <object_component_ref idref="oc-3a"/>
            <object_component_ref idref="oc-3f"/>
            <object_component_ref idref="oc-42"/>
            <object_component_ref idref="oc-47"/>
            <object_component_ref idref="oc-4a"/>
            <object_component_ref idref="oc-4f"/>
            <object_component_ref idref="oc-52"/>
            <object_component_ref idref="oc-55"/>
            <object_component_ref idref="oc-5a"/>
            <object_component_ref idref="oc-5d"/>
            <object_component_ref idref="oc-64"/>
            <object_component_ref idref="oc-67"/>
            <object_component_ref idref="oc-6c"/>
            <object_component_ref idref="oc-6f"/>
            <object_component_ref idref="oc-72"/>
            <object_component_ref idref="oc-75"/>
            <object_component_ref idref="oc-78"/>
         </contents>
      </logical_group>
      <logical_group id="lg-a5">
         <name>.debug_abbrev</name>
         <load_address>0x0</load_address>
         <run_address>0x0</run_address>
         <size>0x11df</size>
         <contents>
            <object_component_ref idref="oc-14"/>
            <object_component_ref idref="oc-1c"/>
            <object_component_ref idref="oc-20"/>
            <object_component_ref idref="oc-26"/>
            <object_component_ref idref="oc-2a"/>
            <object_component_ref idref="oc-30"/>
            <object_component_ref idref="oc-34"/>
            <object_component_ref idref="oc-38"/>
            <object_component_ref idref="oc-3b"/>
            <object_component_ref idref="oc-40"/>
            <object_component_ref idref="oc-43"/>
            <object_component_ref idref="oc-48"/>
            <object_component_ref idref="oc-4b"/>
            <object_component_ref idref="oc-50"/>
            <object_component_ref idref="oc-53"/>
            <object_component_ref idref="oc-56"/>
            <object_component_ref idref="oc-5b"/>
            <object_component_ref idref="oc-5e"/>
            <object_component_ref idref="oc-62"/>
            <object_component_ref idref="oc-65"/>
            <object_component_ref idref="oc-68"/>
            <object_component_ref idref="oc-6d"/>
            <object_component_ref idref="oc-70"/>
            <object_component_ref idref="oc-73"/>
            <object_component_ref idref="oc-76"/>
            <object_component_ref idref="oc-79"/>
            <object_component_ref idref="oc-ac"/>
         </contents>
      </logical_group>
      <logical_group id="lg-a7">
         <name>.debug_frame</name>
         <load_address>0x0</load_address>
         <run_address>0x0</run_address>
         <size>0x1287</size>
         <contents>
            <object_component_ref idref="oc-1a"/>
            <object_component_ref idref="oc-1e"/>
            <object_component_ref idref="oc-24"/>
            <object_component_ref idref="oc-28"/>
            <object_component_ref idref="oc-2e"/>
            <object_component_ref idref="oc-32"/>
         </contents>
      </logical_group>
   </logical_group_list>
   <placement_map>
      <memory_area>
         <name>DSPL2ROM</name>
         <page_id>0x0</page_id>
         <origin>0x700000</origin>
         <length>0xfffff</length>
         <used_space>0x0</used_space>
         <unused_space>0xfffff</unused_space>
         <attributes>RWIX</attributes>
         <usage_details>
         </usage_details>
      </memory_area>
      <memory_area>
         <name>VECS</name>
         <page_id>0x0</page_id>
         <origin>0x800000</origin>
         <length>0x800</length>
         <used_space>0x200</used_space>
         <unused_space>0x600</unused_space>
         <attributes>RWIX</attributes>
         <usage_details>
            <allocated_space>
               <start_address>0x800000</start_address>
               <size>0x200</size>
               <logical_group_ref idref="lg-2"/>
            </allocated_space>
            <available_space>
               <start_address>0x800200</start_address>
               <size>0x600</size>
            </available_space>
         </usage_details>
      </memory_area>
      <memory_area>
         <name>DSPL2RAM</name>
         <page_id>0x0</page_id>
         <origin>0x800f00</origin>
         <length>0x3f000</length>
         <used_space>0x113e0</used_space>
         <unused_space>0x2dc20</unused_space>
         <attributes>RWIX</attributes>
         <usage_details>
            <allocated_space>
               <start_address>0x800f00</start_address>
               <size>0x0</size>
               <logical_group_ref idref="lg-3"/>
            </allocated_space>
            <allocated_space>
               <start_address>0x800f00</start_address>
               <size>0xe040</size>
               <logical_group_ref idref="lg-a"/>
            </allocated_space>
            <allocated_space>
               <start_address>0x80ef40</start_address>
               <size>0x20e4</size>
               <logical_group_ref idref="lg-c"/>
            </allocated_space>
            <available_space>
               <start_address>0x811024</start_address>
               <size>0x4</size>
            </available_space>
            <allocated_space>
               <start_address>0x811028</start_address>
               <size>0x1000</size>
               <logical_group_ref idref="lg-8"/>
            </allocated_space>
            <allocated_space>
               <start_address>0x812028</start_address>
               <size>0x274</size>
               <logical_group_ref idref="lg-5"/>
            </allocated_space>
            <allocated_space>
               <start_address>0x81229c</start_address>
               <size>0x48</size>
               <logical_group_ref idref="lg-4"/>
            </allocated_space>
            <available_space>
               <start_address>0x8122e4</start_address>
               <size>0x2dc1c</size>
            </available_space>
         </usage_details>
      </memory_area>
      <memory_area>
         <name>DSPL1PRAM</name>
         <page_id>0x0</page_id>
         <origin>0xe00000</origin>
         <length>0x8000</length>
         <used_space>0x0</used_space>
         <unused_space>0x8000</unused_space>
         <attributes>RWIX</attributes>
         <usage_details>
         </usage_details>
      </memory_area>
      <memory_area>
         <name>DSPL1DRAM</name>
         <page_id>0x0</page_id>
         <origin>0xf00000</origin>
         <length>0x8000</length>
         <used_space>0x0</used_space>
         <unused_space>0x8000</unused_space>
         <attributes>RWIX</attributes>
         <usage_details>
         </usage_details>
      </memory_area>
      <memory_area>
         <name>SHAREDRAM</name>
         <page_id>0x0</page_id>
         <origin>0x80000f00</origin>
         <length>0x1ffff</length>
         <used_space>0x0</used_space>
         <unused_space>0x1ffff</unused_space>
         <attributes>RWIX</attributes>
         <usage_details>
         </usage_details>
      </memory_area>
      <memory_area>
         <name>ARMRAM</name>
         <page_id>0x0</page_id>
         <origin>0xffff0080</origin>
         <length>0x1f80</length>
         <used_space>0x0</used_space>
         <unused_space>0x1f80</unused_space>
         <attributes>RWIX</attributes>
         <usage_details>
         </usage_details>
      </memory_area>
   </placement_map>
   <symbol_table>
      <symbol id="sm-0">
         <name>cinit</name>
         <value>0x812028</value>
      </symbol>
      <symbol id="sm-1">
         <name>___cinit__</name>
         <value>0x812028</value>
      </symbol>
      <symbol id="sm-2">
         <name>pinit</name>
         <value>0xffffffff</value>
      </symbol>
      <symbol id="sm-3">
         <name>___pinit__</name>
         <value>0xffffffff</value>
      </symbol>
      <symbol id="sm-4">
         <name>binit</name>
         <value>0xffffffff</value>
      </symbol>
      <symbol id="sm-5">
         <name>___binit__</name>
         <value>0xffffffff</value>
      </symbol>
      <symbol id="sm-6">
         <name>__STACK_SIZE</name>
         <value>0x1000</value>
      </symbol>
      <symbol id="sm-7">
         <name>__STACK_END</name>
         <value>0x812028</value>
      </symbol>
      <symbol id="sm-8">
         <name>___c_args__</name>
         <value>0xffffffff</value>
      </symbol>
      <symbol id="sm-9">
         <name>.text</name>
         <value>0x800f00</value>
      </symbol>
      <symbol id="sm-a">
         <name>___text__</name>
         <value>0x800f00</value>
      </symbol>
      <symbol id="sm-b">
         <name>etext</name>
         <value>0x80ef40</value>
      </symbol>
      <symbol id="sm-c">
         <name>___etext__</name>
         <value>0x80ef40</value>
      </symbol>
      <symbol id="sm-d">
         <name>.data</name>
         <value>0x800f00</value>
      </symbol>
      <symbol id="sm-e">
         <name>___data__</name>
         <value>0x800f00</value>
      </symbol>
      <symbol id="sm-f">
         <name>edata</name>
         <value>0x800f00</value>
      </symbol>
      <symbol id="sm-10">
         <name>___edata__</name>
         <value>0x800f00</value>
      </symbol>
      <symbol id="sm-11">
         <name>.bss</name>
         <value>0x81229c</value>
      </symbol>
      <symbol id="sm-12">
         <name>___bss__</name>
         <value>0x81229c</value>
      </symbol>
      <symbol id="sm-13">
         <name>end</name>
         <value>0x8122e4</value>
      </symbol>
      <symbol id="sm-14">
         <name>___end__</name>
         <value>0x8122e4</value>
      </symbol>
      <symbol id="sm-15">
         <name>___TI_pprof_out_hndl</name>
         <value>0xffffffff</value>
      </symbol>
      <symbol id="sm-16">
         <name>___TI_prof_data_start</name>
         <value>0xffffffff</value>
      </symbol>
      <symbol id="sm-17">
         <name>___TI_prof_data_size</name>
         <value>0xffffffff</value>
      </symbol>
      <symbol id="sm-18">
         <name>$bss</name>
         <value>0x81229c</value>
      </symbol>
      <symbol id="sm-47">
         <name>_vector10</name>
         <value>0x800140</value>
         <object_component_ref idref="oc-11"/>
      </symbol>
      <symbol id="sm-48">
         <name>_vector11</name>
         <value>0x800160</value>
         <object_component_ref idref="oc-11"/>
      </symbol>
      <symbol id="sm-49">
         <name>_vector12</name>
         <value>0x800180</value>
         <object_component_ref idref="oc-11"/>
      </symbol>
      <symbol id="sm-4a">
         <name>_vector13</name>
         <value>0x8001a0</value>
         <object_component_ref idref="oc-11"/>
      </symbol>
      <symbol id="sm-4b">
         <name>_vector14</name>
         <value>0x8001c0</value>
         <object_component_ref idref="oc-11"/>
      </symbol>
      <symbol id="sm-4c">
         <name>_vector15</name>
         <value>0x8001e0</value>
         <object_component_ref idref="oc-11"/>
      </symbol>
      <symbol id="sm-4d">
         <name>_vectors</name>
         <value>0x800000</value>
         <object_component_ref idref="oc-11"/>
      </symbol>
      <symbol id="sm-4e">
         <name>_vector1</name>
         <value>0x800020</value>
         <object_component_ref idref="oc-11"/>
      </symbol>
      <symbol id="sm-4f">
         <name>_vector3</name>
         <value>0x800060</value>
         <object_component_ref idref="oc-11"/>
      </symbol>
      <symbol id="sm-50">
         <name>_vector2</name>
         <value>0x800040</value>
         <object_component_ref idref="oc-11"/>
      </symbol>
      <symbol id="sm-51">
         <name>_vector4</name>
         <value>0x800080</value>
         <object_component_ref idref="oc-11"/>
      </symbol>
      <symbol id="sm-52">
         <name>_vector7</name>
         <value>0x8000e0</value>
         <object_component_ref idref="oc-11"/>
      </symbol>
      <symbol id="sm-53">
         <name>_vector6</name>
         <value>0x8000c0</value>
         <object_component_ref idref="oc-11"/>
      </symbol>
      <symbol id="sm-54">
         <name>_vector9</name>
         <value>0x800120</value>
         <object_component_ref idref="oc-11"/>
      </symbol>
      <symbol id="sm-55">
         <name>_vector8</name>
         <value>0x800100</value>
         <object_component_ref idref="oc-11"/>
      </symbol>
      <symbol id="sm-af">
         <name>_main</name>
         <value>0x80bc64</value>
         <object_component_ref idref="oc-7d"/>
      </symbol>
      <symbol id="sm-b0">
         <name>_TIMER0INT</name>
         <value>0x80e0c0</value>
         <object_component_ref idref="oc-19"/>
      </symbol>
      <symbol id="sm-b1">
         <name>_OpenStatus</name>
         <value>0x810ec0</value>
         <object_component_ref idref="oc-18"/>
      </symbol>
      <symbol id="sm-b2">
         <name>_VOA2</name>
         <value>0x8122c4</value>
         <object_component_ref idref="oc-15"/>
      </symbol>
      <symbol id="sm-b3">
         <name>_VOA1</name>
         <value>0x8122c0</value>
         <object_component_ref idref="oc-15"/>
      </symbol>
      <symbol id="sm-b4">
         <name>_PD</name>
         <value>0x8122b0</value>
         <object_component_ref idref="oc-15"/>
      </symbol>
      <symbol id="sm-b5">
         <name>_DELAY_US</name>
         <value>0x80b518</value>
         <object_component_ref idref="oc-7d"/>
      </symbol>
      <symbol id="sm-b6">
         <name>_NowOrder</name>
         <value>0x8122dc</value>
         <object_component_ref idref="oc-15"/>
      </symbol>
      <symbol id="sm-b7">
         <name>_Kp</name>
         <value>0x8122a0</value>
         <object_component_ref idref="oc-15"/>
      </symbol>
      <symbol id="sm-b8">
         <name>_Ki</name>
         <value>0x8122a4</value>
         <object_component_ref idref="oc-15"/>
      </symbol>
      <symbol id="sm-b9">
         <name>_Kd</name>
         <value>0x8122a8</value>
         <object_component_ref idref="oc-15"/>
      </symbol>
      <symbol id="sm-ba">
         <name>_data</name>
         <value>0x80ef80</value>
         <object_component_ref idref="oc-18"/>
      </symbol>
      <symbol id="sm-bb">
         <name>_ADC_DAC_RST</name>
         <value>0x80b9f4</value>
         <object_component_ref idref="oc-7d"/>
      </symbol>
      <symbol id="sm-bc">
         <name>_PD_power</name>
         <value>0x8122b4</value>
         <object_component_ref idref="oc-15"/>
      </symbol>
      <symbol id="sm-bd">
         <name>_LED3Rev</name>
         <value>0x80b4c0</value>
         <object_component_ref idref="oc-7d"/>
      </symbol>
      <symbol id="sm-be">
         <name>_Error</name>
         <value>0x80ef70</value>
         <object_component_ref idref="oc-18"/>
      </symbol>
      <symbol id="sm-bf">
         <name>_PD_power_dBm</name>
         <value>0x8122b8</value>
         <object_component_ref idref="oc-15"/>
      </symbol>
      <symbol id="sm-c0">
         <name>_ag_val</name>
         <value>0x80ef50</value>
         <object_component_ref idref="oc-18"/>
      </symbol>
      <symbol id="sm-c1">
         <name>_ParIni</name>
         <value>0x80bb68</value>
         <object_component_ref idref="oc-7d"/>
      </symbol>
      <symbol id="sm-c2">
         <name>_Control_mode</name>
         <value>0x8122cc</value>
         <object_component_ref idref="oc-15"/>
      </symbol>
      <symbol id="sm-c3">
         <name>_cc</name>
         <value>0x8122d4</value>
         <object_component_ref idref="oc-15"/>
      </symbol>
      <symbol id="sm-c4">
         <name>_initInterrupt</name>
         <value>0x80bb0c</value>
         <object_component_ref idref="oc-7d"/>
      </symbol>
      <symbol id="sm-c5">
         <name>_ad</name>
         <value>0x80ef40</value>
         <object_component_ref idref="oc-18"/>
      </symbol>
      <symbol id="sm-c6">
         <name>_TEST</name>
         <value>0x8122bc</value>
         <object_component_ref idref="oc-15"/>
      </symbol>
      <symbol id="sm-c7">
         <name>_CloseStatus</name>
         <value>0x810ec8</value>
         <object_component_ref idref="oc-18"/>
      </symbol>
      <symbol id="sm-c8">
         <name>_Compensator</name>
         <value>0x8122c8</value>
         <object_component_ref idref="oc-15"/>
      </symbol>
      <symbol id="sm-c9">
         <name>_VOA_change</name>
         <value>0x8122d8</value>
         <object_component_ref idref="oc-15"/>
      </symbol>
      <symbol id="sm-ca">
         <name>_Control</name>
         <value>0x80b578</value>
         <object_component_ref idref="oc-7d"/>
      </symbol>
      <symbol id="sm-cb">
         <name>_TAR_power_dbm</name>
         <value>0x81229c</value>
         <object_component_ref idref="oc-15"/>
      </symbol>
      <symbol id="sm-cc">
         <name>_initTimer</name>
         <value>0x80bac0</value>
         <object_component_ref idref="oc-7d"/>
      </symbol>
      <symbol id="sm-cd">
         <name>_CFlag</name>
         <value>0x8122d0</value>
         <object_component_ref idref="oc-15"/>
      </symbol>
      <symbol id="sm-ce">
         <name>_data_num</name>
         <value>0x8122ac</value>
         <object_component_ref idref="oc-15"/>
      </symbol>
      <symbol id="sm-cf">
         <name>_init_cache</name>
         <value>0x80ba90</value>
         <object_component_ref idref="oc-7d"/>
      </symbol>
      <symbol id="sm-d0">
         <name>_PowerOff</name>
         <value>0x8122d2</value>
         <object_component_ref idref="oc-15"/>
      </symbol>
      <symbol id="sm-d1">
         <name>_VOACTAFlag</name>
         <value>0x8122d6</value>
         <object_component_ref idref="oc-15"/>
      </symbol>
      <symbol id="sm-db">
         <name>_Datain</name>
         <value>0x800f00</value>
         <object_component_ref idref="oc-84"/>
      </symbol>
      <symbol id="sm-10e">
         <name>_C6747_UART_rcvReady</name>
         <value>0x80df08</value>
         <object_component_ref idref="oc-87"/>
      </symbol>
      <symbol id="sm-10f">
         <name>_Sci_send</name>
         <value>0x80df74</value>
         <object_component_ref idref="oc-87"/>
      </symbol>
      <symbol id="sm-110">
         <name>_C6747_UART_getChar</name>
         <value>0x80df38</value>
         <object_component_ref idref="oc-87"/>
      </symbol>
      <symbol id="sm-111">
         <name>_C6747_UART_xmtReady</name>
         <value>0x80deb0</value>
         <object_component_ref idref="oc-87"/>
      </symbol>
      <symbol id="sm-112">
         <name>_DELAY_US_ForUart</name>
         <value>0x80e058</value>
         <object_component_ref idref="oc-87"/>
      </symbol>
      <symbol id="sm-113">
         <name>_C6747_UART_close</name>
         <value>0x80dea0</value>
         <object_component_ref idref="oc-87"/>
      </symbol>
      <symbol id="sm-114">
         <name>_C6747_UART_putChar</name>
         <value>0x80dee4</value>
         <object_component_ref idref="oc-87"/>
      </symbol>
      <symbol id="sm-115">
         <name>_C6747_UART_open</name>
         <value>0x80dd00</value>
         <object_component_ref idref="oc-87"/>
      </symbol>
      <symbol id="sm-116">
         <name>_rx_485enable</name>
         <value>0x80df60</value>
         <object_component_ref idref="oc-87"/>
      </symbol>
      <symbol id="sm-16f">
         <name>_PSC1_lPSC_enable</name>
         <value>0x80c638</value>
         <object_component_ref idref="oc-90"/>
      </symbol>
      <symbol id="sm-170">
         <name>_emifconfig</name>
         <value>0x80cc24</value>
         <object_component_ref idref="oc-90"/>
      </symbol>
      <symbol id="sm-171">
         <name>_sysinit</name>
         <value>0x80ccac</value>
         <object_component_ref idref="oc-90"/>
      </symbol>
      <symbol id="sm-172">
         <name>_initpsc</name>
         <value>0x80c6f8</value>
         <object_component_ref idref="oc-90"/>
      </symbol>
      <symbol id="sm-173">
         <name>_CEint</name>
         <value>0x80cc74</value>
         <object_component_ref idref="oc-90"/>
      </symbol>
      <symbol id="sm-174">
         <name>_SystemConfig</name>
         <value>0x80c890</value>
         <object_component_ref idref="oc-90"/>
      </symbol>
      <symbol id="sm-175">
         <name>_PSC0_lPSC_enable</name>
         <value>0x80c580</value>
         <object_component_ref idref="oc-90"/>
      </symbol>
      <symbol id="sm-176">
         <name>_InitPLL</name>
         <value>0x80c990</value>
         <object_component_ref idref="oc-90"/>
      </symbol>
      <symbol id="sm-1c0">
         <name>_C6747_I2C_close</name>
         <value>0x80d464</value>
         <object_component_ref idref="oc-86"/>
      </symbol>
      <symbol id="sm-1c1">
         <name>_C6747_I2C_reset</name>
         <value>0x80d474</value>
         <object_component_ref idref="oc-86"/>
      </symbol>
      <symbol id="sm-1c2">
         <name>_waiteeprom</name>
         <value>0x80d3c0</value>
         <object_component_ref idref="oc-86"/>
      </symbol>
      <symbol id="sm-1c3">
         <name>_i2c_timeout</name>
         <value>0x8122e0</value>
         <object_component_ref idref="oc-2b"/>
      </symbol>
      <symbol id="sm-1c4">
         <name>_C6747_I2C_init</name>
         <value>0x80d42c</value>
         <object_component_ref idref="oc-86"/>
      </symbol>
      <symbol id="sm-1c5">
         <name>_C6747_I2C_read</name>
         <value>0x80d634</value>
         <object_component_ref idref="oc-86"/>
      </symbol>
      <symbol id="sm-1c6">
         <name>_Writestr</name>
         <value>0x80d584</value>
         <object_component_ref idref="oc-86"/>
      </symbol>
      <symbol id="sm-1c7">
         <name>_C6747_I2C_write</name>
         <value>0x80d484</value>
         <object_component_ref idref="oc-86"/>
      </symbol>
      <symbol id="sm-1c8">
         <name>_ReadStr</name>
         <value>0x80d7b0</value>
         <object_component_ref idref="oc-86"/>
      </symbol>
      <symbol id="sm-1d3">
         <name>_C6747_init</name>
         <value>0x80edc0</value>
         <object_component_ref idref="oc-85"/>
      </symbol>
      <symbol id="sm-1e3">
         <name>__stack</name>
         <value>0x811028</value>
         <object_component_ref idref="oc-36"/>
      </symbol>
      <symbol id="sm-1e4">
         <name>_c_int00</name>
         <value>0x80ed40</value>
         <object_component_ref idref="oc-f"/>
      </symbol>
      <symbol id="sm-1ed">
         <name>__divu</name>
         <value>0x80e940</value>
         <object_component_ref idref="oc-91"/>
      </symbol>
      <symbol id="sm-209">
         <name>__dtors_ptr</name>
         <value>0x811000</value>
         <object_component_ref idref="oc-3e"/>
      </symbol>
      <symbol id="sm-20a">
         <name>C$$EXIT</name>
         <value>0x80ef00</value>
         <object_component_ref idref="oc-80"/>
      </symbol>
      <symbol id="sm-20b">
         <name>_abort</name>
         <value>0x80ef00</value>
         <object_component_ref idref="oc-80"/>
      </symbol>
      <symbol id="sm-20c">
         <name>___TI_enable_exit_profile_output</name>
         <value>0x811004</value>
         <object_component_ref idref="oc-3e"/>
      </symbol>
      <symbol id="sm-20d">
         <name>_exit</name>
         <value>0x80e860</value>
         <object_component_ref idref="oc-7c"/>
      </symbol>
      <symbol id="sm-20e">
         <name>__cleanup_ptr</name>
         <value>0x810ffc</value>
         <object_component_ref idref="oc-3e"/>
      </symbol>
      <symbol id="sm-217">
         <name>__remi</name>
         <value>0x80ea00</value>
         <object_component_ref idref="oc-81"/>
      </symbol>
      <symbol id="sm-236">
         <name>__divf</name>
         <value>0x80d860</value>
         <object_component_ref idref="oc-82"/>
      </symbol>
      <symbol id="sm-240">
         <name>__frcmpyf_div</name>
         <value>0x80eac0</value>
         <object_component_ref idref="oc-89"/>
      </symbol>
      <symbol id="sm-26d">
         <name>_pow</name>
         <value>0x80ccc0</value>
         <object_component_ref idref="oc-83"/>
      </symbol>
      <symbol id="sm-277">
         <name>__nround</name>
         <value>0x80eb60</value>
         <object_component_ref idref="oc-8d"/>
      </symbol>
      <symbol id="sm-281">
         <name>__trunc</name>
         <value>0x80eee0</value>
         <object_component_ref idref="oc-8e"/>
      </symbol>
      <symbol id="sm-28f">
         <name>__lock</name>
         <value>0x811008</value>
         <object_component_ref idref="oc-59"/>
      </symbol>
      <symbol id="sm-290">
         <name>__nop</name>
         <value>0x80eec0</value>
         <object_component_ref idref="oc-7e"/>
      </symbol>
      <symbol id="sm-291">
         <name>__unlock</name>
         <value>0x81100c</value>
         <object_component_ref idref="oc-59"/>
      </symbol>
      <symbol id="sm-29b">
         <name>__args_main</name>
         <value>0x80ee80</value>
         <object_component_ref idref="oc-7b"/>
      </symbol>
      <symbol id="sm-2a5">
         <name>_errno</name>
         <value>0x811020</value>
         <object_component_ref idref="oc-61"/>
      </symbol>
      <symbol id="sm-2b6">
         <name>__auto_init</name>
         <value>0x80e780</value>
         <object_component_ref idref="oc-7a"/>
      </symbol>
      <symbol id="sm-2be">
         <name>_memcpy</name>
         <value>0x80ec00</value>
         <object_component_ref idref="oc-7f"/>
      </symbol>
      <symbol id="sm-2de">
         <name>__divd</name>
         <value>0x80be00</value>
         <object_component_ref idref="oc-8c"/>
      </symbol>
      <symbol id="sm-2ea">
         <name>__frcmpyd_div</name>
         <value>0x80e300</value>
         <object_component_ref idref="oc-93"/>
      </symbol>
      <symbol id="sm-2f9">
         <name>_frexp</name>
         <value>0x80e660</value>
         <object_component_ref idref="oc-8a"/>
      </symbol>
      <symbol id="sm-309">
         <name>_ldexp</name>
         <value>0x80e500</value>
         <object_component_ref idref="oc-8b"/>
      </symbol>
      <symbol id="sm-315">
         <name>_modf</name>
         <value>0x80eca0</value>
         <object_component_ref idref="oc-8f"/>
      </symbol>
   </symbol_table>
</link_info>
