<?xml version="1.0"?>
<link_info>
   <banner>TMS320C6x Linker PC v7.4.7</banner>
   <copyright>Copyright (c) 1996-2014 Texas Instruments Incorporated</copyright>
   <link_time>0x63fec99f</link_time>
   <output_file>Vibration Measurementer.out</output_file>
   <entry_point>
      <name>_c_int00</name>
      <address>0x8034e0</address>
   </entry_point>
   <input_file_list>
      <input_file id="fl-2">
         <path>.\</path>
         <kind>object</kind>
         <file>vectors.obj</file>
         <name>vectors.obj</name>
      </input_file>
      <input_file id="fl-3">
         <path>.\</path>
         <kind>object</kind>
         <file>main.obj</file>
         <name>main.obj</name>
      </input_file>
      <input_file id="fl-4">
         <path>.\</path>
         <kind>object</kind>
         <file>C6747_uart.obj</file>
         <name>C6747_uart.obj</name>
      </input_file>
      <input_file id="fl-5">
         <path>.\</path>
         <kind>object</kind>
         <file>C6747_init.obj</file>
         <name>C6747_init.obj</name>
      </input_file>
      <input_file id="fl-6">
         <path>.\</path>
         <kind>object</kind>
         <file>C6747_i2c.obj</file>
         <name>C6747_i2c.obj</name>
      </input_file>
      <input_file id="fl-7">
         <path>.\</path>
         <kind>object</kind>
         <file>C6747.obj</file>
         <name>C6747.obj</name>
      </input_file>
      <input_file id="fl-c">
         <path>..\</path>
         <kind>archive</kind>
         <file>rts6740.lib</file>
         <name>boot.obj</name>
      </input_file>
      <input_file id="fl-d">
         <path>..\</path>
         <kind>archive</kind>
         <file>rts6740.lib</file>
         <name>divu.obj</name>
      </input_file>
      <input_file id="fl-e">
         <path>..\</path>
         <kind>archive</kind>
         <file>rts6740.lib</file>
         <name>exit.obj</name>
      </input_file>
      <input_file id="fl-f">
         <path>..\</path>
         <kind>archive</kind>
         <file>rts6740.lib</file>
         <name>divf.obj</name>
      </input_file>
      <input_file id="fl-10">
         <path>..\</path>
         <kind>archive</kind>
         <file>rts6740.lib</file>
         <name>frcmpyf_div.obj</name>
      </input_file>
      <input_file id="fl-11">
         <path>..\</path>
         <kind>archive</kind>
         <file>rts6740.lib</file>
         <name>_lock.obj</name>
      </input_file>
      <input_file id="fl-12">
         <path>..\</path>
         <kind>archive</kind>
         <file>rts6740.lib</file>
         <name>args_main.obj</name>
      </input_file>
      <input_file id="fl-13">
         <path>..\</path>
         <kind>archive</kind>
         <file>rts6740.lib</file>
         <name>autoinit.obj</name>
      </input_file>
      <input_file id="fl-14">
         <path>..\</path>
         <kind>archive</kind>
         <file>rts6740.lib</file>
         <name>memcpy64.obj</name>
      </input_file>
   </input_file_list>
   <object_component_list>
      <object_component id="oc-11">
         <name>.vectors</name>
         <load_address>0x800000</load_address>
         <run_address>0x800000</run_address>
         <size>0x200</size>
         <input_file_ref idref="fl-2"/>
      </object_component>
      <object_component id="oc-15">
         <name>.bss</name>
         <uninitialized>true</uninitialized>
         <run_address>0x806174</run_address>
         <size>0xec</size>
         <input_file_ref idref="fl-3"/>
      </object_component>
      <object_component id="oc-27">
         <name>.bss</name>
         <uninitialized>true</uninitialized>
         <run_address>0x806260</run_address>
         <size>0x4</size>
         <input_file_ref idref="fl-6"/>
      </object_component>
      <object_component id="oc-17">
         <name>.cinit</name>
         <load_address>0x805d00</load_address>
         <run_address>0x805d00</run_address>
         <size>0x3c9</size>
         <input_file_ref idref="fl-3"/>
      </object_component>
      <object_component id="oc-1e">
         <name>.cinit</name>
         <load_address>0x8060d0</load_address>
         <run_address>0x8060d0</run_address>
         <size>0x2c</size>
         <input_file_ref idref="fl-4"/>
      </object_component>
      <object_component id="oc-39">
         <name>.cinit</name>
         <load_address>0x806100</load_address>
         <run_address>0x806100</run_address>
         <size>0x2c</size>
         <input_file_ref idref="fl-e"/>
      </object_component>
      <object_component id="oc-46">
         <name>.cinit</name>
         <load_address>0x806130</load_address>
         <run_address>0x806130</run_address>
         <size>0x1c</size>
         <input_file_ref idref="fl-11"/>
      </object_component>
      <object_component id="oc-3e">
         <name>.cinit</name>
         <load_address>0x806150</load_address>
         <run_address>0x806150</run_address>
         <size>0x10</size>
         <input_file_ref idref="fl-f"/>
      </object_component>
      <object_component id="oc-29">
         <name>.cinit</name>
         <load_address>0x806160</load_address>
         <run_address>0x806160</run_address>
         <size>0xc</size>
         <input_file_ref idref="fl-6"/>
      </object_component>
      <object_component id="oc-32">
         <name>.stack</name>
         <uninitialized>true</uninitialized>
         <run_address>0x804d00</run_address>
         <size>0x8</size>
         <input_file_ref idref="fl-c"/>
      </object_component>
      <object_component id="oc-78">
         <name>.stack</name>
         <uninitialized>true</uninitialized>
         <run_address>0x804d00</run_address>
         <size>0x0</size>
      </object_component>
      <object_component id="oc-56">
         <name>.text</name>
         <load_address>0x800f00</load_address>
         <run_address>0x800f00</run_address>
         <size>0xba0</size>
         <input_file_ref idref="fl-3"/>
      </object_component>
      <object_component id="oc-60">
         <name>.text</name>
         <load_address>0x801aa0</load_address>
         <run_address>0x801aa0</run_address>
         <size>0x740</size>
         <input_file_ref idref="fl-5"/>
      </object_component>
      <object_component id="oc-5c">
         <name>.text</name>
         <load_address>0x8021e0</load_address>
         <run_address>0x8021e0</run_address>
         <size>0x4a0</size>
         <input_file_ref idref="fl-6"/>
      </object_component>
      <object_component id="oc-5a">
         <name>.text:__divf</name>
         <load_address>0x802680</load_address>
         <run_address>0x802680</run_address>
         <size>0x4a0</size>
         <input_file_ref idref="fl-f"/>
      </object_component>
      <object_component id="oc-5d">
         <name>.text</name>
         <load_address>0x802b20</load_address>
         <run_address>0x802b20</run_address>
         <size>0x3c0</size>
         <input_file_ref idref="fl-4"/>
      </object_component>
      <object_component id="oc-19">
         <name>.text:retain</name>
         <load_address>0x802ee0</load_address>
         <run_address>0x802ee0</run_address>
         <size>0x240</size>
         <input_file_ref idref="fl-3"/>
      </object_component>
      <object_component id="oc-53">
         <name>.text:__auto_init</name>
         <load_address>0x803120</load_address>
         <run_address>0x803120</run_address>
         <size>0xe0</size>
         <input_file_ref idref="fl-13"/>
      </object_component>
      <object_component id="oc-55">
         <name>.text:_exit</name>
         <load_address>0x803200</load_address>
         <run_address>0x803200</run_address>
         <size>0xe0</size>
         <input_file_ref idref="fl-e"/>
      </object_component>
      <object_component id="oc-61">
         <name>.text:__divu</name>
         <load_address>0x8032e0</load_address>
         <run_address>0x8032e0</run_address>
         <size>0xc0</size>
         <input_file_ref idref="fl-d"/>
      </object_component>
      <object_component id="oc-5f">
         <name>.text:__frcmpyf_div</name>
         <load_address>0x8033a0</load_address>
         <run_address>0x8033a0</run_address>
         <size>0xa0</size>
         <input_file_ref idref="fl-10"/>
      </object_component>
      <object_component id="oc-58">
         <name>.text:_memcpy</name>
         <load_address>0x803440</load_address>
         <run_address>0x803440</run_address>
         <size>0xa0</size>
         <input_file_ref idref="fl-14"/>
      </object_component>
      <object_component id="oc-f">
         <name>.text:_c_int00</name>
         <load_address>0x8034e0</load_address>
         <run_address>0x8034e0</run_address>
         <size>0x80</size>
         <input_file_ref idref="fl-c"/>
      </object_component>
      <object_component id="oc-5b">
         <name>.text</name>
         <load_address>0x803560</load_address>
         <run_address>0x803560</run_address>
         <size>0x40</size>
         <input_file_ref idref="fl-7"/>
      </object_component>
      <object_component id="oc-5e">
         <name>.text:___isnanf</name>
         <load_address>0x8035a0</load_address>
         <run_address>0x8035a0</run_address>
         <size>0x40</size>
         <input_file_ref idref="fl-f"/>
      </object_component>
      <object_component id="oc-54">
         <name>.text:__args_main</name>
         <load_address>0x8035e0</load_address>
         <run_address>0x8035e0</run_address>
         <size>0x40</size>
         <input_file_ref idref="fl-12"/>
      </object_component>
      <object_component id="oc-57">
         <name>.text:__nop</name>
         <load_address>0x803620</load_address>
         <run_address>0x803620</run_address>
         <size>0x20</size>
         <input_file_ref idref="fl-11"/>
      </object_component>
      <object_component id="oc-59">
         <name>.text:_abort</name>
         <load_address>0x803640</load_address>
         <run_address>0x803640</run_address>
         <size>0x20</size>
         <input_file_ref idref="fl-e"/>
      </object_component>
      <object_component id="oc-10">
         <name>.text</name>
         <load_address>0x803660</load_address>
         <run_address>0x803660</run_address>
         <size>0x20</size>
         <input_file_ref idref="fl-2"/>
      </object_component>
      <object_component id="oc-18">
         <name>.far</name>
         <uninitialized>true</uninitialized>
         <run_address>0x803680</run_address>
         <size>0x1655</size>
         <input_file_ref idref="fl-3"/>
      </object_component>
      <object_component id="oc-1f">
         <name>.far</name>
         <uninitialized>true</uninitialized>
         <run_address>0x804cd8</run_address>
         <size>0xc</size>
         <input_file_ref idref="fl-4"/>
      </object_component>
      <object_component id="oc-3a">
         <name>.far</name>
         <uninitialized>true</uninitialized>
         <run_address>0x804ce4</run_address>
         <size>0xc</size>
         <input_file_ref idref="fl-e"/>
      </object_component>
      <object_component id="oc-3f">
         <name>.far</name>
         <uninitialized>true</uninitialized>
         <run_address>0x804cf8</run_address>
         <size>0x8</size>
         <input_file_ref idref="fl-f"/>
      </object_component>
      <object_component id="oc-47">
         <name>.far</name>
         <uninitialized>true</uninitialized>
         <run_address>0x804cf0</run_address>
         <size>0x8</size>
         <input_file_ref idref="fl-11"/>
      </object_component>
      <object_component id="oc-12">
         <name>.debug_info</name>
         <load_address>0x0</load_address>
         <run_address>0x0</run_address>
         <size>0xe8</size>
         <input_file_ref idref="fl-2"/>
      </object_component>
      <object_component id="oc-16">
         <name>.debug_info</name>
         <load_address>0xe8</load_address>
         <run_address>0xe8</run_address>
         <size>0x1cf9</size>
         <input_file_ref idref="fl-3"/>
      </object_component>
      <object_component id="oc-1d">
         <name>.debug_info</name>
         <load_address>0x1de1</load_address>
         <run_address>0x1de1</run_address>
         <size>0xfe1</size>
         <input_file_ref idref="fl-4"/>
      </object_component>
      <object_component id="oc-23">
         <name>.debug_info</name>
         <load_address>0x2dc2</load_address>
         <run_address>0x2dc2</run_address>
         <size>0x1136</size>
         <input_file_ref idref="fl-5"/>
      </object_component>
      <object_component id="oc-28">
         <name>.debug_info</name>
         <load_address>0x3ef8</load_address>
         <run_address>0x3ef8</run_address>
         <size>0x1050</size>
         <input_file_ref idref="fl-6"/>
      </object_component>
      <object_component id="oc-2d">
         <name>.debug_info</name>
         <load_address>0x4f48</load_address>
         <run_address>0x4f48</run_address>
         <size>0x633</size>
         <input_file_ref idref="fl-7"/>
      </object_component>
      <object_component id="oc-31">
         <name>.debug_info</name>
         <load_address>0x557b</load_address>
         <run_address>0x557b</run_address>
         <size>0x6f5</size>
         <input_file_ref idref="fl-c"/>
      </object_component>
      <object_component id="oc-35">
         <name>.debug_info</name>
         <load_address>0x5c70</load_address>
         <run_address>0x5c70</run_address>
         <size>0xfa</size>
         <input_file_ref idref="fl-d"/>
      </object_component>
      <object_component id="oc-38">
         <name>.debug_info</name>
         <load_address>0x5d6a</load_address>
         <run_address>0x5d6a</run_address>
         <size>0x86b</size>
         <input_file_ref idref="fl-e"/>
      </object_component>
      <object_component id="oc-3d">
         <name>.debug_info</name>
         <load_address>0x65d5</load_address>
         <run_address>0x65d5</run_address>
         <size>0x82f</size>
         <input_file_ref idref="fl-f"/>
      </object_component>
      <object_component id="oc-42">
         <name>.debug_info</name>
         <load_address>0x6e04</load_address>
         <run_address>0x6e04</run_address>
         <size>0x5e8</size>
         <input_file_ref idref="fl-10"/>
      </object_component>
      <object_component id="oc-45">
         <name>.debug_info</name>
         <load_address>0x73ec</load_address>
         <run_address>0x73ec</run_address>
         <size>0x5be</size>
         <input_file_ref idref="fl-11"/>
      </object_component>
      <object_component id="oc-4a">
         <name>.debug_info</name>
         <load_address>0x79aa</load_address>
         <run_address>0x79aa</run_address>
         <size>0x688</size>
         <input_file_ref idref="fl-12"/>
      </object_component>
      <object_component id="oc-4d">
         <name>.debug_info</name>
         <load_address>0x8032</load_address>
         <run_address>0x8032</run_address>
         <size>0x7ae</size>
         <input_file_ref idref="fl-13"/>
      </object_component>
      <object_component id="oc-50">
         <name>.debug_info</name>
         <load_address>0x87e0</load_address>
         <run_address>0x87e0</run_address>
         <size>0x109</size>
         <input_file_ref idref="fl-14"/>
      </object_component>
      <object_component id="oc-79">
         <name>.debug_info</name>
         <load_address>0x88e9</load_address>
         <run_address>0x88e9</run_address>
         <size>0x6d</size>
      </object_component>
      <object_component id="oc-13">
         <name>.debug_line</name>
         <load_address>0x0</load_address>
         <run_address>0x0</run_address>
         <size>0xcd</size>
         <input_file_ref idref="fl-2"/>
      </object_component>
      <object_component id="oc-1b">
         <name>.debug_line</name>
         <load_address>0xcd</load_address>
         <run_address>0xcd</run_address>
         <size>0x324</size>
         <input_file_ref idref="fl-3"/>
      </object_component>
      <object_component id="oc-21">
         <name>.debug_line</name>
         <load_address>0x3f1</load_address>
         <run_address>0x3f1</run_address>
         <size>0x1a0</size>
         <input_file_ref idref="fl-4"/>
      </object_component>
      <object_component id="oc-25">
         <name>.debug_line</name>
         <load_address>0x591</load_address>
         <run_address>0x591</run_address>
         <size>0x1d8</size>
         <input_file_ref idref="fl-5"/>
      </object_component>
      <object_component id="oc-2b">
         <name>.debug_line</name>
         <load_address>0x769</load_address>
         <run_address>0x769</run_address>
         <size>0x197</size>
         <input_file_ref idref="fl-6"/>
      </object_component>
      <object_component id="oc-2f">
         <name>.debug_line</name>
         <load_address>0x900</load_address>
         <run_address>0x900</run_address>
         <size>0x41</size>
         <input_file_ref idref="fl-7"/>
      </object_component>
      <object_component id="oc-33">
         <name>.debug_line</name>
         <load_address>0x941</load_address>
         <run_address>0x941</run_address>
         <size>0x3c</size>
         <input_file_ref idref="fl-c"/>
      </object_component>
      <object_component id="oc-36">
         <name>.debug_line</name>
         <load_address>0x97d</load_address>
         <run_address>0x97d</run_address>
         <size>0x44</size>
         <input_file_ref idref="fl-d"/>
      </object_component>
      <object_component id="oc-3b">
         <name>.debug_line</name>
         <load_address>0x9c1</load_address>
         <run_address>0x9c1</run_address>
         <size>0x4f</size>
         <input_file_ref idref="fl-e"/>
      </object_component>
      <object_component id="oc-40">
         <name>.debug_line</name>
         <load_address>0xa10</load_address>
         <run_address>0xa10</run_address>
         <size>0x89</size>
         <input_file_ref idref="fl-f"/>
      </object_component>
      <object_component id="oc-43">
         <name>.debug_line</name>
         <load_address>0xa99</load_address>
         <run_address>0xa99</run_address>
         <size>0x44</size>
         <input_file_ref idref="fl-10"/>
      </object_component>
      <object_component id="oc-48">
         <name>.debug_line</name>
         <load_address>0xadd</load_address>
         <run_address>0xadd</run_address>
         <size>0x3b</size>
         <input_file_ref idref="fl-11"/>
      </object_component>
      <object_component id="oc-4b">
         <name>.debug_line</name>
         <load_address>0xb18</load_address>
         <run_address>0xb18</run_address>
         <size>0x44</size>
         <input_file_ref idref="fl-12"/>
      </object_component>
      <object_component id="oc-4e">
         <name>.debug_line</name>
         <load_address>0xb5c</load_address>
         <run_address>0xb5c</run_address>
         <size>0x4b</size>
         <input_file_ref idref="fl-13"/>
      </object_component>
      <object_component id="oc-51">
         <name>.debug_line</name>
         <load_address>0xba7</load_address>
         <run_address>0xba7</run_address>
         <size>0x4a</size>
         <input_file_ref idref="fl-14"/>
      </object_component>
      <object_component id="oc-14">
         <name>.debug_abbrev</name>
         <load_address>0x0</load_address>
         <run_address>0x0</run_address>
         <size>0x20</size>
         <input_file_ref idref="fl-2"/>
      </object_component>
      <object_component id="oc-1c">
         <name>.debug_abbrev</name>
         <load_address>0x20</load_address>
         <run_address>0x20</run_address>
         <size>0x1cf</size>
         <input_file_ref idref="fl-3"/>
      </object_component>
      <object_component id="oc-22">
         <name>.debug_abbrev</name>
         <load_address>0x1ef</load_address>
         <run_address>0x1ef</run_address>
         <size>0x109</size>
         <input_file_ref idref="fl-4"/>
      </object_component>
      <object_component id="oc-26">
         <name>.debug_abbrev</name>
         <load_address>0x2f8</load_address>
         <run_address>0x2f8</run_address>
         <size>0xfa</size>
         <input_file_ref idref="fl-5"/>
      </object_component>
      <object_component id="oc-2c">
         <name>.debug_abbrev</name>
         <load_address>0x3f2</load_address>
         <run_address>0x3f2</run_address>
         <size>0xf0</size>
         <input_file_ref idref="fl-6"/>
      </object_component>
      <object_component id="oc-30">
         <name>.debug_abbrev</name>
         <load_address>0x4e2</load_address>
         <run_address>0x4e2</run_address>
         <size>0x87</size>
         <input_file_ref idref="fl-7"/>
      </object_component>
      <object_component id="oc-34">
         <name>.debug_abbrev</name>
         <load_address>0x569</load_address>
         <run_address>0x569</run_address>
         <size>0xe6</size>
         <input_file_ref idref="fl-c"/>
      </object_component>
      <object_component id="oc-37">
         <name>.debug_abbrev</name>
         <load_address>0x64f</load_address>
         <run_address>0x64f</run_address>
         <size>0x3a</size>
         <input_file_ref idref="fl-d"/>
      </object_component>
      <object_component id="oc-3c">
         <name>.debug_abbrev</name>
         <load_address>0x689</load_address>
         <run_address>0x689</run_address>
         <size>0xf0</size>
         <input_file_ref idref="fl-e"/>
      </object_component>
      <object_component id="oc-41">
         <name>.debug_abbrev</name>
         <load_address>0x779</load_address>
         <run_address>0x779</run_address>
         <size>0x10d</size>
         <input_file_ref idref="fl-f"/>
      </object_component>
      <object_component id="oc-44">
         <name>.debug_abbrev</name>
         <load_address>0x886</load_address>
         <run_address>0x886</run_address>
         <size>0x7a</size>
         <input_file_ref idref="fl-10"/>
      </object_component>
      <object_component id="oc-49">
         <name>.debug_abbrev</name>
         <load_address>0x900</load_address>
         <run_address>0x900</run_address>
         <size>0x82</size>
         <input_file_ref idref="fl-11"/>
      </object_component>
      <object_component id="oc-4c">
         <name>.debug_abbrev</name>
         <load_address>0x982</load_address>
         <run_address>0x982</run_address>
         <size>0xd1</size>
         <input_file_ref idref="fl-12"/>
      </object_component>
      <object_component id="oc-4f">
         <name>.debug_abbrev</name>
         <load_address>0xa53</load_address>
         <run_address>0xa53</run_address>
         <size>0x10a</size>
         <input_file_ref idref="fl-13"/>
      </object_component>
      <object_component id="oc-52">
         <name>.debug_abbrev</name>
         <load_address>0xb5d</load_address>
         <run_address>0xb5d</run_address>
         <size>0x3a</size>
         <input_file_ref idref="fl-14"/>
      </object_component>
      <object_component id="oc-7a">
         <name>.debug_abbrev</name>
         <load_address>0xb97</load_address>
         <run_address>0xb97</run_address>
         <size>0xd</size>
      </object_component>
      <object_component id="oc-1a">
         <name>.debug_frame</name>
         <load_address>0x0</load_address>
         <run_address>0x0</run_address>
         <size>0x469</size>
         <input_file_ref idref="fl-3"/>
      </object_component>
      <object_component id="oc-20">
         <name>.debug_frame</name>
         <load_address>0x469</load_address>
         <run_address>0x469</run_address>
         <size>0x335</size>
         <input_file_ref idref="fl-4"/>
      </object_component>
      <object_component id="oc-24">
         <name>.debug_frame</name>
         <load_address>0x79e</load_address>
         <run_address>0x79e</run_address>
         <size>0x314</size>
         <input_file_ref idref="fl-5"/>
      </object_component>
      <object_component id="oc-2a">
         <name>.debug_frame</name>
         <load_address>0xab2</load_address>
         <run_address>0xab2</run_address>
         <size>0x31a</size>
         <input_file_ref idref="fl-6"/>
      </object_component>
      <object_component id="oc-2e">
         <name>.debug_frame</name>
         <load_address>0xdcc</load_address>
         <run_address>0xdcc</run_address>
         <size>0x25d</size>
         <input_file_ref idref="fl-7"/>
      </object_component>
   </object_component_list>
   <logical_group_list>
      <logical_group id="lg-2">
         <name>.vectors</name>
         <load_address>0x800000</load_address>
         <run_address>0x800000</run_address>
         <size>0x200</size>
         <contents>
            <object_component_ref idref="oc-11"/>
         </contents>
      </logical_group>
      <logical_group id="lg-3">
         <name>.data</name>
         <run_address>0x800f00</run_address>
         <size>0x0</size>
         <contents>
         </contents>
      </logical_group>
      <logical_group id="lg-4">
         <name>.bss</name>
         <run_address>0x806174</run_address>
         <size>0xf0</size>
         <contents>
            <object_component_ref idref="oc-15"/>
            <object_component_ref idref="oc-27"/>
         </contents>
      </logical_group>
      <logical_group id="lg-5">
         <name>.cinit</name>
         <load_address>0x805d00</load_address>
         <run_address>0x805d00</run_address>
         <size>0x474</size>
         <contents>
            <object_component_ref idref="oc-17"/>
            <object_component_ref idref="oc-1e"/>
            <object_component_ref idref="oc-39"/>
            <object_component_ref idref="oc-46"/>
            <object_component_ref idref="oc-3e"/>
            <object_component_ref idref="oc-29"/>
         </contents>
      </logical_group>
      <logical_group id="lg-6">
         <name>.cio</name>
         <run_address>0x0</run_address>
         <size>0x0</size>
         <contents>
         </contents>
      </logical_group>
      <logical_group id="lg-7">
         <name>.const</name>
         <run_address>0x0</run_address>
         <size>0x0</size>
         <contents>
         </contents>
      </logical_group>
      <logical_group id="lg-8">
         <name>.stack</name>
         <run_address>0x804d00</run_address>
         <size>0x1000</size>
         <contents>
            <object_component_ref idref="oc-32"/>
            <object_component_ref idref="oc-78"/>
         </contents>
      </logical_group>
      <logical_group id="lg-9">
         <name>.sysmem</name>
         <run_address>0x0</run_address>
         <size>0x0</size>
         <contents>
         </contents>
      </logical_group>
      <logical_group id="lg-a">
         <name>.text</name>
         <load_address>0x800f00</load_address>
         <run_address>0x800f00</run_address>
         <size>0x2780</size>
         <contents>
            <object_component_ref idref="oc-56"/>
            <object_component_ref idref="oc-60"/>
            <object_component_ref idref="oc-5c"/>
            <object_component_ref idref="oc-5a"/>
            <object_component_ref idref="oc-5d"/>
            <object_component_ref idref="oc-19"/>
            <object_component_ref idref="oc-53"/>
            <object_component_ref idref="oc-55"/>
            <object_component_ref idref="oc-61"/>
            <object_component_ref idref="oc-5f"/>
            <object_component_ref idref="oc-58"/>
            <object_component_ref idref="oc-f"/>
            <object_component_ref idref="oc-5b"/>
            <object_component_ref idref="oc-5e"/>
            <object_component_ref idref="oc-54"/>
            <object_component_ref idref="oc-57"/>
            <object_component_ref idref="oc-59"/>
            <object_component_ref idref="oc-10"/>
         </contents>
      </logical_group>
      <logical_group id="lg-b">
         <name>.switch</name>
         <run_address>0x0</run_address>
         <size>0x0</size>
         <contents>
         </contents>
      </logical_group>
      <logical_group id="lg-c">
         <name>.far</name>
         <run_address>0x803680</run_address>
         <size>0x1680</size>
         <contents>
            <object_component_ref idref="oc-18"/>
            <object_component_ref idref="oc-1f"/>
            <object_component_ref idref="oc-3a"/>
            <object_component_ref idref="oc-3f"/>
            <object_component_ref idref="oc-47"/>
         </contents>
      </logical_group>
      <logical_group id="lg-d">
         <name>.calcbuffer</name>
         <run_address>0x0</run_address>
         <size>0x0</size>
         <contents>
         </contents>
      </logical_group>
      <logical_group id="lg-e">
         <name>.compxbuf</name>
         <run_address>0x0</run_address>
         <size>0x0</size>
         <contents>
         </contents>
      </logical_group>
      <logical_group id="lg-6f">
         <name>.debug_info</name>
         <load_address>0x0</load_address>
         <run_address>0x0</run_address>
         <size>0x8956</size>
         <contents>
            <object_component_ref idref="oc-12"/>
            <object_component_ref idref="oc-16"/>
            <object_component_ref idref="oc-1d"/>
            <object_component_ref idref="oc-23"/>
            <object_component_ref idref="oc-28"/>
            <object_component_ref idref="oc-2d"/>
            <object_component_ref idref="oc-31"/>
            <object_component_ref idref="oc-35"/>
            <object_component_ref idref="oc-38"/>
            <object_component_ref idref="oc-3d"/>
            <object_component_ref idref="oc-42"/>
            <object_component_ref idref="oc-45"/>
            <object_component_ref idref="oc-4a"/>
            <object_component_ref idref="oc-4d"/>
            <object_component_ref idref="oc-50"/>
            <object_component_ref idref="oc-79"/>
         </contents>
      </logical_group>
      <logical_group id="lg-71">
         <name>.debug_line</name>
         <load_address>0x0</load_address>
         <run_address>0x0</run_address>
         <size>0xbf1</size>
         <contents>
            <object_component_ref idref="oc-13"/>
            <object_component_ref idref="oc-1b"/>
            <object_component_ref idref="oc-21"/>
            <object_component_ref idref="oc-25"/>
            <object_component_ref idref="oc-2b"/>
            <object_component_ref idref="oc-2f"/>
            <object_component_ref idref="oc-33"/>
            <object_component_ref idref="oc-36"/>
            <object_component_ref idref="oc-3b"/>
            <object_component_ref idref="oc-40"/>
            <object_component_ref idref="oc-43"/>
            <object_component_ref idref="oc-48"/>
            <object_component_ref idref="oc-4b"/>
            <object_component_ref idref="oc-4e"/>
            <object_component_ref idref="oc-51"/>
         </contents>
      </logical_group>
      <logical_group id="lg-73">
         <name>.debug_abbrev</name>
         <load_address>0x0</load_address>
         <run_address>0x0</run_address>
         <size>0xba4</size>
         <contents>
            <object_component_ref idref="oc-14"/>
            <object_component_ref idref="oc-1c"/>
            <object_component_ref idref="oc-22"/>
            <object_component_ref idref="oc-26"/>
            <object_component_ref idref="oc-2c"/>
            <object_component_ref idref="oc-30"/>
            <object_component_ref idref="oc-34"/>
            <object_component_ref idref="oc-37"/>
            <object_component_ref idref="oc-3c"/>
            <object_component_ref idref="oc-41"/>
            <object_component_ref idref="oc-44"/>
            <object_component_ref idref="oc-49"/>
            <object_component_ref idref="oc-4c"/>
            <object_component_ref idref="oc-4f"/>
            <object_component_ref idref="oc-52"/>
            <object_component_ref idref="oc-7a"/>
         </contents>
      </logical_group>
      <logical_group id="lg-75">
         <name>.debug_frame</name>
         <load_address>0x0</load_address>
         <run_address>0x0</run_address>
         <size>0x1029</size>
         <contents>
            <object_component_ref idref="oc-1a"/>
            <object_component_ref idref="oc-20"/>
            <object_component_ref idref="oc-24"/>
            <object_component_ref idref="oc-2a"/>
            <object_component_ref idref="oc-2e"/>
         </contents>
      </logical_group>
   </logical_group_list>
   <placement_map>
      <memory_area>
         <name>DSPL2ROM</name>
         <page_id>0x0</page_id>
         <origin>0x700000</origin>
         <length>0xfffff</length>
         <used_space>0x0</used_space>
         <unused_space>0xfffff</unused_space>
         <attributes>RWIX</attributes>
         <usage_details>
         </usage_details>
      </memory_area>
      <memory_area>
         <name>VECS</name>
         <page_id>0x0</page_id>
         <origin>0x800000</origin>
         <length>0x800</length>
         <used_space>0x200</used_space>
         <unused_space>0x600</unused_space>
         <attributes>RWIX</attributes>
         <usage_details>
            <allocated_space>
               <start_address>0x800000</start_address>
               <size>0x200</size>
               <logical_group_ref idref="lg-2"/>
            </allocated_space>
            <available_space>
               <start_address>0x800200</start_address>
               <size>0x600</size>
            </available_space>
         </usage_details>
      </memory_area>
      <memory_area>
         <name>DSPL2RAM</name>
         <page_id>0x0</page_id>
         <origin>0x800f00</origin>
         <length>0x3f000</length>
         <used_space>0x5364</used_space>
         <unused_space>0x39c9c</unused_space>
         <attributes>RWIX</attributes>
         <usage_details>
            <allocated_space>
               <start_address>0x800f00</start_address>
               <size>0x0</size>
               <logical_group_ref idref="lg-3"/>
            </allocated_space>
            <allocated_space>
               <start_address>0x800f00</start_address>
               <size>0x2780</size>
               <logical_group_ref idref="lg-a"/>
            </allocated_space>
            <allocated_space>
               <start_address>0x803680</start_address>
               <size>0x1680</size>
               <logical_group_ref idref="lg-c"/>
            </allocated_space>
            <allocated_space>
               <start_address>0x804d00</start_address>
               <size>0x1000</size>
               <logical_group_ref idref="lg-8"/>
            </allocated_space>
            <allocated_space>
               <start_address>0x805d00</start_address>
               <size>0x474</size>
               <logical_group_ref idref="lg-5"/>
            </allocated_space>
            <allocated_space>
               <start_address>0x806174</start_address>
               <size>0xf0</size>
               <logical_group_ref idref="lg-4"/>
            </allocated_space>
            <available_space>
               <start_address>0x806264</start_address>
               <size>0x39c9c</size>
            </available_space>
         </usage_details>
      </memory_area>
      <memory_area>
         <name>DSPL1PRAM</name>
         <page_id>0x0</page_id>
         <origin>0xe00000</origin>
         <length>0x8000</length>
         <used_space>0x0</used_space>
         <unused_space>0x8000</unused_space>
         <attributes>RWIX</attributes>
         <usage_details>
         </usage_details>
      </memory_area>
      <memory_area>
         <name>DSPL1DRAM</name>
         <page_id>0x0</page_id>
         <origin>0xf00000</origin>
         <length>0x8000</length>
         <used_space>0x0</used_space>
         <unused_space>0x8000</unused_space>
         <attributes>RWIX</attributes>
         <usage_details>
         </usage_details>
      </memory_area>
      <memory_area>
         <name>SHAREDRAM</name>
         <page_id>0x0</page_id>
         <origin>0x80000f00</origin>
         <length>0x1ffff</length>
         <used_space>0x0</used_space>
         <unused_space>0x1ffff</unused_space>
         <attributes>RWIX</attributes>
         <usage_details>
         </usage_details>
      </memory_area>
      <memory_area>
         <name>ARMRAM</name>
         <page_id>0x0</page_id>
         <origin>0xffff0080</origin>
         <length>0x1f80</length>
         <used_space>0x0</used_space>
         <unused_space>0x1f80</unused_space>
         <attributes>RWIX</attributes>
         <usage_details>
         </usage_details>
      </memory_area>
   </placement_map>
   <symbol_table>
      <symbol id="sm-0">
         <name>cinit</name>
         <value>0x805d00</value>
      </symbol>
      <symbol id="sm-1">
         <name>___cinit__</name>
         <value>0x805d00</value>
      </symbol>
      <symbol id="sm-2">
         <name>pinit</name>
         <value>0xffffffff</value>
      </symbol>
      <symbol id="sm-3">
         <name>___pinit__</name>
         <value>0xffffffff</value>
      </symbol>
      <symbol id="sm-4">
         <name>binit</name>
         <value>0xffffffff</value>
      </symbol>
      <symbol id="sm-5">
         <name>___binit__</name>
         <value>0xffffffff</value>
      </symbol>
      <symbol id="sm-6">
         <name>__STACK_SIZE</name>
         <value>0x1000</value>
      </symbol>
      <symbol id="sm-7">
         <name>__STACK_END</name>
         <value>0x805d00</value>
      </symbol>
      <symbol id="sm-8">
         <name>___c_args__</name>
         <value>0xffffffff</value>
      </symbol>
      <symbol id="sm-9">
         <name>.text</name>
         <value>0x800f00</value>
      </symbol>
      <symbol id="sm-a">
         <name>___text__</name>
         <value>0x800f00</value>
      </symbol>
      <symbol id="sm-b">
         <name>etext</name>
         <value>0x803680</value>
      </symbol>
      <symbol id="sm-c">
         <name>___etext__</name>
         <value>0x803680</value>
      </symbol>
      <symbol id="sm-d">
         <name>.data</name>
         <value>0x800f00</value>
      </symbol>
      <symbol id="sm-e">
         <name>___data__</name>
         <value>0x800f00</value>
      </symbol>
      <symbol id="sm-f">
         <name>edata</name>
         <value>0x800f00</value>
      </symbol>
      <symbol id="sm-10">
         <name>___edata__</name>
         <value>0x800f00</value>
      </symbol>
      <symbol id="sm-11">
         <name>.bss</name>
         <value>0x806174</value>
      </symbol>
      <symbol id="sm-12">
         <name>___bss__</name>
         <value>0x806174</value>
      </symbol>
      <symbol id="sm-13">
         <name>end</name>
         <value>0x806264</value>
      </symbol>
      <symbol id="sm-14">
         <name>___end__</name>
         <value>0x806264</value>
      </symbol>
      <symbol id="sm-15">
         <name>___TI_pprof_out_hndl</name>
         <value>0xffffffff</value>
      </symbol>
      <symbol id="sm-16">
         <name>___TI_prof_data_start</name>
         <value>0xffffffff</value>
      </symbol>
      <symbol id="sm-17">
         <name>___TI_prof_data_size</name>
         <value>0xffffffff</value>
      </symbol>
      <symbol id="sm-18">
         <name>$bss</name>
         <value>0x806174</value>
      </symbol>
      <symbol id="sm-47">
         <name>_vector10</name>
         <value>0x800140</value>
         <object_component_ref idref="oc-11"/>
      </symbol>
      <symbol id="sm-48">
         <name>_vector11</name>
         <value>0x800160</value>
         <object_component_ref idref="oc-11"/>
      </symbol>
      <symbol id="sm-49">
         <name>_vector12</name>
         <value>0x800180</value>
         <object_component_ref idref="oc-11"/>
      </symbol>
      <symbol id="sm-4a">
         <name>_vector13</name>
         <value>0x8001a0</value>
         <object_component_ref idref="oc-11"/>
      </symbol>
      <symbol id="sm-4b">
         <name>_vector14</name>
         <value>0x8001c0</value>
         <object_component_ref idref="oc-11"/>
      </symbol>
      <symbol id="sm-4c">
         <name>_vector15</name>
         <value>0x8001e0</value>
         <object_component_ref idref="oc-11"/>
      </symbol>
      <symbol id="sm-4d">
         <name>_vectors</name>
         <value>0x800000</value>
         <object_component_ref idref="oc-11"/>
      </symbol>
      <symbol id="sm-4e">
         <name>_vector1</name>
         <value>0x800020</value>
         <object_component_ref idref="oc-11"/>
      </symbol>
      <symbol id="sm-4f">
         <name>_vector3</name>
         <value>0x800060</value>
         <object_component_ref idref="oc-11"/>
      </symbol>
      <symbol id="sm-50">
         <name>_vector2</name>
         <value>0x800040</value>
         <object_component_ref idref="oc-11"/>
      </symbol>
      <symbol id="sm-51">
         <name>_vector4</name>
         <value>0x800080</value>
         <object_component_ref idref="oc-11"/>
      </symbol>
      <symbol id="sm-52">
         <name>_vector7</name>
         <value>0x8000e0</value>
         <object_component_ref idref="oc-11"/>
      </symbol>
      <symbol id="sm-53">
         <name>_vector6</name>
         <value>0x8000c0</value>
         <object_component_ref idref="oc-11"/>
      </symbol>
      <symbol id="sm-54">
         <name>_vector9</name>
         <value>0x800120</value>
         <object_component_ref idref="oc-11"/>
      </symbol>
      <symbol id="sm-55">
         <name>_vector8</name>
         <value>0x800100</value>
         <object_component_ref idref="oc-11"/>
      </symbol>
      <symbol id="sm-b8">
         <name>_DAY</name>
         <value>0x806234</value>
         <object_component_ref idref="oc-15"/>
      </symbol>
      <symbol id="sm-b9">
         <name>_DAX</name>
         <value>0x806230</value>
         <object_component_ref idref="oc-15"/>
      </symbol>
      <symbol id="sm-ba">
         <name>_main</name>
         <value>0x801858</value>
         <object_component_ref idref="oc-56"/>
      </symbol>
      <symbol id="sm-bb">
         <name>_DataSendIndex</name>
         <value>0x8061c8</value>
         <object_component_ref idref="oc-15"/>
      </symbol>
      <symbol id="sm-bc">
         <name>_TIMER0INT</name>
         <value>0x802ee0</value>
         <object_component_ref idref="oc-19"/>
      </symbol>
      <symbol id="sm-bd">
         <name>_BackCalOKAnswer</name>
         <value>0x804ca0</value>
         <object_component_ref idref="oc-18"/>
      </symbol>
      <symbol id="sm-be">
         <name>_DirectLoadFlag</name>
         <value>0x806242</value>
         <object_component_ref idref="oc-15"/>
      </symbol>
      <symbol id="sm-bf">
         <name>_AngleRangeRefData</name>
         <value>0x806244</value>
         <object_component_ref idref="oc-15"/>
      </symbol>
      <symbol id="sm-c0">
         <name>_DataHigh</name>
         <value>0x80624c</value>
         <object_component_ref idref="oc-15"/>
      </symbol>
      <symbol id="sm-c1">
         <name>_HotCalData</name>
         <value>0x803680</value>
         <object_component_ref idref="oc-18"/>
      </symbol>
      <symbol id="sm-c2">
         <name>_CalOKAnswer</name>
         <value>0x804c98</value>
         <object_component_ref idref="oc-18"/>
      </symbol>
      <symbol id="sm-c3">
         <name>_BNAError</name>
         <value>0x8061a4</value>
         <object_component_ref idref="oc-15"/>
      </symbol>
      <symbol id="sm-c4">
         <name>_OpenStatus</name>
         <value>0x804cc8</value>
         <object_component_ref idref="oc-18"/>
      </symbol>
      <symbol id="sm-c5">
         <name>_AccuracyConfirmFlag</name>
         <value>0x806200</value>
         <object_component_ref idref="oc-15"/>
      </symbol>
      <symbol id="sm-c6">
         <name>_BPV</name>
         <value>0x806198</value>
         <object_component_ref idref="oc-15"/>
      </symbol>
      <symbol id="sm-c7">
         <name>_BPA</name>
         <value>0x806188</value>
         <object_component_ref idref="oc-15"/>
      </symbol>
      <symbol id="sm-c8">
         <name>_ErrorDataK</name>
         <value>0x8061e8</value>
         <object_component_ref idref="oc-15"/>
      </symbol>
      <symbol id="sm-c9">
         <name>_A2A</name>
         <value>0x806220</value>
         <object_component_ref idref="oc-15"/>
      </symbol>
      <symbol id="sm-ca">
         <name>_BNV</name>
         <value>0x80619c</value>
         <object_component_ref idref="oc-15"/>
      </symbol>
      <symbol id="sm-cb">
         <name>_BNA</name>
         <value>0x80618c</value>
         <object_component_ref idref="oc-15"/>
      </symbol>
      <symbol id="sm-cc">
         <name>_AssiStep</name>
         <value>0x8061e6</value>
         <object_component_ref idref="oc-15"/>
      </symbol>
      <symbol id="sm-cd">
         <name>_DELAY_US</name>
         <value>0x800f58</value>
         <object_component_ref idref="oc-56"/>
      </symbol>
      <symbol id="sm-ce">
         <name>_NowOrder</name>
         <value>0x80623c</value>
         <object_component_ref idref="oc-15"/>
      </symbol>
      <symbol id="sm-cf">
         <name>_test_gain</name>
         <value>0x8061f4</value>
         <object_component_ref idref="oc-15"/>
      </symbol>
      <symbol id="sm-d0">
         <name>_NowPositionFlag</name>
         <value>0x80617c</value>
         <object_component_ref idref="oc-15"/>
      </symbol>
      <symbol id="sm-d1">
         <name>_DriverOverCheckNum</name>
         <value>0x806252</value>
         <object_component_ref idref="oc-15"/>
      </symbol>
      <symbol id="sm-d2">
         <name>_AD_TEST</name>
         <value>0x800fb8</value>
         <object_component_ref idref="oc-56"/>
      </symbol>
      <symbol id="sm-d3">
         <name>_AccuracyThreshold</name>
         <value>0x806204</value>
         <object_component_ref idref="oc-15"/>
      </symbol>
      <symbol id="sm-d4">
         <name>_Sensor</name>
         <value>0x8061ec</value>
         <object_component_ref idref="oc-15"/>
      </symbol>
      <symbol id="sm-d5">
         <name>_TemptBNV</name>
         <value>0x8061c4</value>
         <object_component_ref idref="oc-15"/>
      </symbol>
      <symbol id="sm-d6">
         <name>_RealOrderIndex</name>
         <value>0x806241</value>
         <object_component_ref idref="oc-15"/>
      </symbol>
      <symbol id="sm-d7">
         <name>_PositionAnswerFlagAnswer</name>
         <value>0x804c58</value>
         <object_component_ref idref="oc-18"/>
      </symbol>
      <symbol id="sm-d8">
         <name>_CalBNV</name>
         <value>0x8061bc</value>
         <object_component_ref idref="oc-15"/>
      </symbol>
      <symbol id="sm-d9">
         <name>_ComAnswer</name>
         <value>0x804c50</value>
         <object_component_ref idref="oc-18"/>
      </symbol>
      <symbol id="sm-da">
         <name>_SystemOscReport</name>
         <value>0x804c88</value>
         <object_component_ref idref="oc-18"/>
      </symbol>
      <symbol id="sm-db">
         <name>_PowerOffAnswer</name>
         <value>0x804c90</value>
         <object_component_ref idref="oc-18"/>
      </symbol>
      <symbol id="sm-dc">
         <name>_SetAngle</name>
         <value>0x80620c</value>
         <object_component_ref idref="oc-15"/>
      </symbol>
      <symbol id="sm-dd">
         <name>_ADC_DAC_RST</name>
         <value>0x8015b0</value>
         <object_component_ref idref="oc-56"/>
      </symbol>
      <symbol id="sm-de">
         <name>_AccuracyConfirmIndex</name>
         <value>0x8061fe</value>
         <object_component_ref idref="oc-15"/>
      </symbol>
      <symbol id="sm-df">
         <name>_AccuracyStepNum</name>
         <value>0x806208</value>
         <object_component_ref idref="oc-15"/>
      </symbol>
      <symbol id="sm-e0">
         <name>_AngleRangeFlag</name>
         <value>0x806243</value>
         <object_component_ref idref="oc-15"/>
      </symbol>
      <symbol id="sm-e1">
         <name>_OldAngle</name>
         <value>0x806214</value>
         <object_component_ref idref="oc-15"/>
      </symbol>
      <symbol id="sm-e2">
         <name>_LED3Rev</name>
         <value>0x800f00</value>
         <object_component_ref idref="oc-56"/>
      </symbol>
      <symbol id="sm-e3">
         <name>_PConstant</name>
         <value>0x8061b0</value>
         <object_component_ref idref="oc-15"/>
      </symbol>
      <symbol id="sm-e4">
         <name>_V2A</name>
         <value>0x80621c</value>
         <object_component_ref idref="oc-15"/>
      </symbol>
      <symbol id="sm-e5">
         <name>_DVY</name>
         <value>0x80622c</value>
         <object_component_ref idref="oc-15"/>
      </symbol>
      <symbol id="sm-e6">
         <name>_DVX</name>
         <value>0x806228</value>
         <object_component_ref idref="oc-15"/>
      </symbol>
      <symbol id="sm-e7">
         <name>_SetAngleVol</name>
         <value>0x806210</value>
         <object_component_ref idref="oc-15"/>
      </symbol>
      <symbol id="sm-e8">
         <name>_YVol</name>
         <value>0x806258</value>
         <object_component_ref idref="oc-15"/>
      </symbol>
      <symbol id="sm-e9">
         <name>_SensorSelfCheck</name>
         <value>0x80624f</value>
         <object_component_ref idref="oc-15"/>
      </symbol>
      <symbol id="sm-ea">
         <name>_SendSumCheck</name>
         <value>0x80623f</value>
         <object_component_ref idref="oc-15"/>
      </symbol>
      <symbol id="sm-eb">
         <name>_SystemOscFlag</name>
         <value>0x806253</value>
         <object_component_ref idref="oc-15"/>
      </symbol>
      <symbol id="sm-ec">
         <name>_CalBPV</name>
         <value>0x8061b8</value>
         <object_component_ref idref="oc-15"/>
      </symbol>
      <symbol id="sm-ed">
         <name>_HotCalDataForSend</name>
         <value>0x803688</value>
         <object_component_ref idref="oc-18"/>
      </symbol>
      <symbol id="sm-ee">
         <name>_HVol</name>
         <value>0x80625c</value>
         <object_component_ref idref="oc-15"/>
      </symbol>
      <symbol id="sm-ef">
         <name>_ReceivedDataStatus</name>
         <value>0x80624e</value>
         <object_component_ref idref="oc-15"/>
      </symbol>
      <symbol id="sm-f0">
         <name>_TransmittedData</name>
         <value>0x80624a</value>
         <object_component_ref idref="oc-15"/>
      </symbol>
      <symbol id="sm-f1">
         <name>_TemptBPV</name>
         <value>0x8061c0</value>
         <object_component_ref idref="oc-15"/>
      </symbol>
      <symbol id="sm-f2">
         <name>_AverageSensorFlag</name>
         <value>0x8061fc</value>
         <object_component_ref idref="oc-15"/>
      </symbol>
      <symbol id="sm-f3">
         <name>_Order</name>
         <value>0x804ca8</value>
         <object_component_ref idref="oc-18"/>
      </symbol>
      <symbol id="sm-f4">
         <name>_S1Mean</name>
         <value>0x8061d0</value>
         <object_component_ref idref="oc-15"/>
      </symbol>
      <symbol id="sm-f5">
         <name>_NConstant</name>
         <value>0x8061b4</value>
         <object_component_ref idref="oc-15"/>
      </symbol>
      <symbol id="sm-f6">
         <name>_SMean</name>
         <value>0x8061d8</value>
         <object_component_ref idref="oc-15"/>
      </symbol>
      <symbol id="sm-f7">
         <name>_RealOrder</name>
         <value>0x804cb8</value>
         <object_component_ref idref="oc-18"/>
      </symbol>
      <symbol id="sm-f8">
         <name>_RPAError</name>
         <value>0x8061a8</value>
         <object_component_ref idref="oc-15"/>
      </symbol>
      <symbol id="sm-f9">
         <name>_OldOrder</name>
         <value>0x80623a</value>
         <object_component_ref idref="oc-15"/>
      </symbol>
      <symbol id="sm-fa">
         <name>_ReceivedData</name>
         <value>0x806248</value>
         <object_component_ref idref="oc-15"/>
      </symbol>
      <symbol id="sm-fb">
         <name>_XVol</name>
         <value>0x806254</value>
         <object_component_ref idref="oc-15"/>
      </symbol>
      <symbol id="sm-fc">
         <name>_ag_val</name>
         <value>0x8036c0</value>
         <object_component_ref idref="oc-18"/>
      </symbol>
      <symbol id="sm-fd">
         <name>_CalStepIndex</name>
         <value>0x806174</value>
         <object_component_ref idref="oc-15"/>
      </symbol>
      <symbol id="sm-fe">
         <name>_GetCalDataStatus</name>
         <value>0x8036a0</value>
         <object_component_ref idref="oc-18"/>
      </symbol>
      <symbol id="sm-ff">
         <name>_S2Mean</name>
         <value>0x8061d4</value>
         <object_component_ref idref="oc-15"/>
      </symbol>
      <symbol id="sm-100">
         <name>_TemptCheck</name>
         <value>0x803710</value>
         <object_component_ref idref="oc-18"/>
      </symbol>
      <symbol id="sm-101">
         <name>_ParIni</name>
         <value>0x801724</value>
         <object_component_ref idref="oc-56"/>
      </symbol>
      <symbol id="sm-102">
         <name>_DriveStatusAnswer</name>
         <value>0x804c68</value>
         <object_component_ref idref="oc-18"/>
      </symbol>
      <symbol id="sm-103">
         <name>_DriverOscCheck</name>
         <value>0x806251</value>
         <object_component_ref idref="oc-15"/>
      </symbol>
      <symbol id="sm-104">
         <name>_GetCalData</name>
         <value>0x8036a8</value>
         <object_component_ref idref="oc-18"/>
      </symbol>
      <symbol id="sm-105">
         <name>_ErrorData</name>
         <value>0x803cb0</value>
         <object_component_ref idref="oc-18"/>
      </symbol>
      <symbol id="sm-106">
         <name>_cc</name>
         <value>0x806238</value>
         <object_component_ref idref="oc-15"/>
      </symbol>
      <symbol id="sm-107">
         <name>_SumCheck</name>
         <value>0x80623e</value>
         <object_component_ref idref="oc-15"/>
      </symbol>
      <symbol id="sm-108">
         <name>_initInterrupt</name>
         <value>0x8016c8</value>
         <object_component_ref idref="oc-56"/>
      </symbol>
      <symbol id="sm-109">
         <name>_CalAngleStep</name>
         <value>0x80617e</value>
         <object_component_ref idref="oc-15"/>
      </symbol>
      <symbol id="sm-10a">
         <name>_ad</name>
         <value>0x8036b0</value>
         <object_component_ref idref="oc-18"/>
      </symbol>
      <symbol id="sm-10b">
         <name>_AngleStep</name>
         <value>0x8061e4</value>
         <object_component_ref idref="oc-15"/>
      </symbol>
      <symbol id="sm-10c">
         <name>_UselessOrder</name>
         <value>0x80623d</value>
         <object_component_ref idref="oc-15"/>
      </symbol>
      <symbol id="sm-10d">
         <name>_OldOldOrder</name>
         <value>0x80623b</value>
         <object_component_ref idref="oc-15"/>
      </symbol>
      <symbol id="sm-10e">
         <name>_TestDA</name>
         <value>0x8061cc</value>
         <object_component_ref idref="oc-15"/>
      </symbol>
      <symbol id="sm-10f">
         <name>_RPV</name>
         <value>0x806180</value>
         <object_component_ref idref="oc-15"/>
      </symbol>
      <symbol id="sm-110">
         <name>_ReceivedDataErrorAnswer</name>
         <value>0x804c78</value>
         <object_component_ref idref="oc-18"/>
      </symbol>
      <symbol id="sm-111">
         <name>_RPA</name>
         <value>0x806190</value>
         <object_component_ref idref="oc-15"/>
      </symbol>
      <symbol id="sm-112">
         <name>_CloseStatus</name>
         <value>0x804cd0</value>
         <object_component_ref idref="oc-18"/>
      </symbol>
      <symbol id="sm-113">
         <name>_Compensator</name>
         <value>0x8061f0</value>
         <object_component_ref idref="oc-15"/>
      </symbol>
      <symbol id="sm-114">
         <name>_OrderIndex</name>
         <value>0x806240</value>
         <object_component_ref idref="oc-15"/>
      </symbol>
      <symbol id="sm-115">
         <name>_PositionAnswerFlag</name>
         <value>0x806246</value>
         <object_component_ref idref="oc-15"/>
      </symbol>
      <symbol id="sm-116">
         <name>_Angle</name>
         <value>0x8061e0</value>
         <object_component_ref idref="oc-15"/>
      </symbol>
      <symbol id="sm-117">
         <name>_BPAError</name>
         <value>0x8061a0</value>
         <object_component_ref idref="oc-15"/>
      </symbol>
      <symbol id="sm-118">
         <name>_DataLow</name>
         <value>0x80624d</value>
         <object_component_ref idref="oc-15"/>
      </symbol>
      <symbol id="sm-119">
         <name>_OldAngleVol</name>
         <value>0x806218</value>
         <object_component_ref idref="oc-15"/>
      </symbol>
      <symbol id="sm-11a">
         <name>_RNV</name>
         <value>0x806184</value>
         <object_component_ref idref="oc-15"/>
      </symbol>
      <symbol id="sm-11b">
         <name>_RNA</name>
         <value>0x806194</value>
         <object_component_ref idref="oc-15"/>
      </symbol>
      <symbol id="sm-11c">
         <name>_CalSensorVol</name>
         <value>0x806178</value>
         <object_component_ref idref="oc-15"/>
      </symbol>
      <symbol id="sm-11d">
         <name>_AverageSensor</name>
         <value>0x8061f8</value>
         <object_component_ref idref="oc-15"/>
      </symbol>
      <symbol id="sm-11e">
         <name>_DataReceiveIndex</name>
         <value>0x8061ca</value>
         <object_component_ref idref="oc-15"/>
      </symbol>
      <symbol id="sm-11f">
         <name>_SelfCheckAnswer</name>
         <value>0x804c60</value>
         <object_component_ref idref="oc-18"/>
      </symbol>
      <symbol id="sm-120">
         <name>_initTimer</name>
         <value>0x801678</value>
         <object_component_ref idref="oc-56"/>
      </symbol>
      <symbol id="sm-121">
         <name>_CFlag</name>
         <value>0x806224</value>
         <object_component_ref idref="oc-15"/>
      </symbol>
      <symbol id="sm-122">
         <name>_RNAError</name>
         <value>0x8061ac</value>
         <object_component_ref idref="oc-15"/>
      </symbol>
      <symbol id="sm-123">
         <name>_init_cache</name>
         <value>0x80164c</value>
         <object_component_ref idref="oc-56"/>
      </symbol>
      <symbol id="sm-124">
         <name>_YY</name>
         <value>0x8036f8</value>
         <object_component_ref idref="oc-18"/>
      </symbol>
      <symbol id="sm-125">
         <name>_YX</name>
         <value>0x8036e0</value>
         <object_component_ref idref="oc-18"/>
      </symbol>
      <symbol id="sm-126">
         <name>_PowerOff</name>
         <value>0x806226</value>
         <object_component_ref idref="oc-15"/>
      </symbol>
      <symbol id="sm-127">
         <name>_TemptK</name>
         <value>0x8061dc</value>
         <object_component_ref idref="oc-15"/>
      </symbol>
      <symbol id="sm-128">
         <name>_DriverOverCheck</name>
         <value>0x806250</value>
         <object_component_ref idref="oc-15"/>
      </symbol>
      <symbol id="sm-15b">
         <name>_C6747_UART_rcvReady</name>
         <value>0x802d28</value>
         <object_component_ref idref="oc-5d"/>
      </symbol>
      <symbol id="sm-15c">
         <name>_Sci_send</name>
         <value>0x802d94</value>
         <object_component_ref idref="oc-5d"/>
      </symbol>
      <symbol id="sm-15d">
         <name>_C6747_UART_getChar</name>
         <value>0x802d58</value>
         <object_component_ref idref="oc-5d"/>
      </symbol>
      <symbol id="sm-15e">
         <name>_C6747_UART_xmtReady</name>
         <value>0x802cd0</value>
         <object_component_ref idref="oc-5d"/>
      </symbol>
      <symbol id="sm-15f">
         <name>_DELAY_US_ForUart</name>
         <value>0x802e78</value>
         <object_component_ref idref="oc-5d"/>
      </symbol>
      <symbol id="sm-160">
         <name>_C6747_UART_close</name>
         <value>0x802cc0</value>
         <object_component_ref idref="oc-5d"/>
      </symbol>
      <symbol id="sm-161">
         <name>_C6747_UART_putChar</name>
         <value>0x802d04</value>
         <object_component_ref idref="oc-5d"/>
      </symbol>
      <symbol id="sm-162">
         <name>_C6747_UART_open</name>
         <value>0x802b20</value>
         <object_component_ref idref="oc-5d"/>
      </symbol>
      <symbol id="sm-163">
         <name>_rx_485enable</name>
         <value>0x802d80</value>
         <object_component_ref idref="oc-5d"/>
      </symbol>
      <symbol id="sm-1bc">
         <name>_PSC1_lPSC_enable</name>
         <value>0x801b58</value>
         <object_component_ref idref="oc-60"/>
      </symbol>
      <symbol id="sm-1bd">
         <name>_emifconfig</name>
         <value>0x802144</value>
         <object_component_ref idref="oc-60"/>
      </symbol>
      <symbol id="sm-1be">
         <name>_sysinit</name>
         <value>0x8021cc</value>
         <object_component_ref idref="oc-60"/>
      </symbol>
      <symbol id="sm-1bf">
         <name>_initpsc</name>
         <value>0x801c18</value>
         <object_component_ref idref="oc-60"/>
      </symbol>
      <symbol id="sm-1c0">
         <name>_CEint</name>
         <value>0x802194</value>
         <object_component_ref idref="oc-60"/>
      </symbol>
      <symbol id="sm-1c1">
         <name>_SystemConfig</name>
         <value>0x801db0</value>
         <object_component_ref idref="oc-60"/>
      </symbol>
      <symbol id="sm-1c2">
         <name>_PSC0_lPSC_enable</name>
         <value>0x801aa0</value>
         <object_component_ref idref="oc-60"/>
      </symbol>
      <symbol id="sm-1c3">
         <name>_InitPLL</name>
         <value>0x801eb0</value>
         <object_component_ref idref="oc-60"/>
      </symbol>
      <symbol id="sm-20d">
         <name>_C6747_I2C_close</name>
         <value>0x802284</value>
         <object_component_ref idref="oc-5c"/>
      </symbol>
      <symbol id="sm-20e">
         <name>_C6747_I2C_reset</name>
         <value>0x802294</value>
         <object_component_ref idref="oc-5c"/>
      </symbol>
      <symbol id="sm-20f">
         <name>_waiteeprom</name>
         <value>0x8021e0</value>
         <object_component_ref idref="oc-5c"/>
      </symbol>
      <symbol id="sm-210">
         <name>_i2c_timeout</name>
         <value>0x806260</value>
         <object_component_ref idref="oc-27"/>
      </symbol>
      <symbol id="sm-211">
         <name>_C6747_I2C_init</name>
         <value>0x80224c</value>
         <object_component_ref idref="oc-5c"/>
      </symbol>
      <symbol id="sm-212">
         <name>_C6747_I2C_read</name>
         <value>0x802454</value>
         <object_component_ref idref="oc-5c"/>
      </symbol>
      <symbol id="sm-213">
         <name>_Writestr</name>
         <value>0x8023a4</value>
         <object_component_ref idref="oc-5c"/>
      </symbol>
      <symbol id="sm-214">
         <name>_C6747_I2C_write</name>
         <value>0x8022a4</value>
         <object_component_ref idref="oc-5c"/>
      </symbol>
      <symbol id="sm-215">
         <name>_ReadStr</name>
         <value>0x8025d0</value>
         <object_component_ref idref="oc-5c"/>
      </symbol>
      <symbol id="sm-220">
         <name>_C6747_init</name>
         <value>0x803560</value>
         <object_component_ref idref="oc-5b"/>
      </symbol>
      <symbol id="sm-230">
         <name>__stack</name>
         <value>0x804d00</value>
         <object_component_ref idref="oc-32"/>
      </symbol>
      <symbol id="sm-231">
         <name>_c_int00</name>
         <value>0x8034e0</value>
         <object_component_ref idref="oc-f"/>
      </symbol>
      <symbol id="sm-23a">
         <name>__divu</name>
         <value>0x8032e0</value>
         <object_component_ref idref="oc-61"/>
      </symbol>
      <symbol id="sm-256">
         <name>__dtors_ptr</name>
         <value>0x804ce8</value>
         <object_component_ref idref="oc-3a"/>
      </symbol>
      <symbol id="sm-257">
         <name>C$$EXIT</name>
         <value>0x803640</value>
         <object_component_ref idref="oc-59"/>
      </symbol>
      <symbol id="sm-258">
         <name>_abort</name>
         <value>0x803640</value>
         <object_component_ref idref="oc-59"/>
      </symbol>
      <symbol id="sm-259">
         <name>___TI_enable_exit_profile_output</name>
         <value>0x804cec</value>
         <object_component_ref idref="oc-3a"/>
      </symbol>
      <symbol id="sm-25a">
         <name>_exit</name>
         <value>0x803200</value>
         <object_component_ref idref="oc-55"/>
      </symbol>
      <symbol id="sm-25b">
         <name>__cleanup_ptr</name>
         <value>0x804ce4</value>
         <object_component_ref idref="oc-3a"/>
      </symbol>
      <symbol id="sm-278">
         <name>__divf</name>
         <value>0x802680</value>
         <object_component_ref idref="oc-5a"/>
      </symbol>
      <symbol id="sm-282">
         <name>__frcmpyf_div</name>
         <value>0x8033a0</value>
         <object_component_ref idref="oc-5f"/>
      </symbol>
      <symbol id="sm-290">
         <name>__lock</name>
         <value>0x804cf0</value>
         <object_component_ref idref="oc-47"/>
      </symbol>
      <symbol id="sm-291">
         <name>__nop</name>
         <value>0x803620</value>
         <object_component_ref idref="oc-57"/>
      </symbol>
      <symbol id="sm-292">
         <name>__unlock</name>
         <value>0x804cf4</value>
         <object_component_ref idref="oc-47"/>
      </symbol>
      <symbol id="sm-29c">
         <name>__args_main</name>
         <value>0x8035e0</value>
         <object_component_ref idref="oc-54"/>
      </symbol>
      <symbol id="sm-2ad">
         <name>__auto_init</name>
         <value>0x803120</value>
         <object_component_ref idref="oc-53"/>
      </symbol>
      <symbol id="sm-2b5">
         <name>_memcpy</name>
         <value>0x803440</value>
         <object_component_ref idref="oc-58"/>
      </symbol>
   </symbol_table>
</link_info>
